UIC Number,API Number,Operator Name,Operator Number,Lease Name,Well Number,Well Total Depth ft,Shut-in Bottom Hole Pressure - Daily (Method 3 (NTO) / Meas),Shut-In Bottom Hole Pressure after 24 hours - Quarterly (Method 1 (NTO) / Calc),Shut-In Bottom Hole Pressure after 24 hours - Quarterly (Method 2 (NTO) / Meas),Date of Measurement,Top of Completed Interval TVD (ft.),LIQUID DENSITY,MEAS BHP AVE INJ,MEAS BHP MAX INJ,CALC BHP AVE INJ,CALC BHP MAX INJ,MEAS SURF P STATIC,STATIC P SHUTIN TIME,Pressure Gradient (PSI/FT),Date Added
000125201,10933825,CHEVRON U. S. A. INC.,148113,DR BLK60 T1S S23 DMG SWD,1,4064,0,,,2024-01-01,2030,,,,,,,,0,2024-08-22
000125202,10933824,CHEVRON U. S. A. INC.,148113,DR BLK60 T1S S27 DMG SWD,1,3793,1331.208232605652,,,2024-01-01,1729,,,,,,,,0.7699295735139687,2024-08-22
000125202,10933824,CHEVRON U. S. A. INC.,148113,DR BLK60 T1S S27 DMG SWD,1,3793,1330.832079208863,,,2024-01-02,1729,,,,,,,,0.7697120180502388,2024-08-22
000125201,10933825,CHEVRON U. S. A. INC.,148113,DR BLK60 T1S S23 DMG SWD,1,4064,0,,,2024-01-02,2030,,,,,,,,0,2024-08-22
000125201,10933825,CHEVRON U. S. A. INC.,148113,DR BLK60 T1S S23 DMG SWD,1,4064,0,,,2024-01-03,2030,,,,,,,,0,2024-08-22
000125202,10933824,CHEVRON U. S. A. INC.,148113,DR BLK60 T1S S27 DMG SWD,1,3793,1320.769241496501,,,2024-01-03,1729,,,,,,,,0.7638919846711979,2024-08-22
000125202,10933824,CHEVRON U. S. A. INC.,148113,DR BLK60 T1S S27 DMG SWD,1,3793,1322.001005694849,,,2024-01-04,1729,,,,,,,,0.7646043988981197,2024-08-22
000125201,10933825,CHEVRON U. S. A. INC.,148113,DR BLK60 T1S S23 DMG SWD,1,4064,0,,,2024-01-04,2030,,,,,,,,0,2024-08-22
000125201,10933825,CHEVRON U. S. A. INC.,148113,DR BLK60 T1S S23 DMG SWD,1,4064,0,,,2024-01-05,2030,,,,,,,,0,2024-08-22
000125202,10933824,CHEVRON U. S. A. INC.,148113,DR BLK60 T1S S27 DMG SWD,1,3793,1321.229371590403,,,2024-01-05,1729,,,,,,,,0.7641581096532116,2024-08-22
000125202,10933824,CHEVRON U. S. A. INC.,148113,DR BLK60 T1S S27 DMG SWD,1,3793,1324.249239669871,,,2024-01-06,1729,,,,,,,,0.7659047077327189,2024-08-22
000125201,10933825,CHEVRON U. S. A. INC.,148113,DR BLK60 T1S S23 DMG SWD,1,4064,0,,,2024-01-06,2030,,,,,,,,0,2024-08-22
000125201,10933825,CHEVRON U. S. A. INC.,148113,DR BLK60 T1S S23 DMG SWD,1,4064,0,,,2024-01-07,2030,,,,,,,,0,2024-08-22
000125202,10933824,CHEVRON U. S. A. INC.,148113,DR BLK60 T1S S27 DMG SWD,1,3793,1313.842167716476,,,2024-01-07,1729,,,,,,,,0.759885579940125,2024-08-22
000125202,10933824,CHEVRON U. S. A. INC.,148113,DR BLK60 T1S S27 DMG SWD,1,3793,1317.219963436606,,,2024-01-08,1729,,,,,,,,0.7618391922710271,2024-08-22
000125201,10933825,CHEVRON U. S. A. INC.,148113,DR BLK60 T1S S23 DMG SWD,1,4064,0,,,2024-01-08,2030,,,,,,,,0,2024-08-22
000125201,10933825,CHEVRON U. S. A. INC.,148113,DR BLK60 T1S S23 DMG SWD,1,4064,0,,,2024-01-09,2030,,,,,,,,0,2024-08-22
000125202,10933824,CHEVRON U. S. A. INC.,148113,DR BLK60 T1S S27 DMG SWD,1,3793,1326.046001521307,,,2024-01-09,1729,,,,,,,,0.766943899086933,2024-08-22
000125202,10933824,CHEVRON U. S. A. INC.,148113,DR BLK60 T1S S27 DMG SWD,1,3793,1326.882998435533,,,2024-01-10,1729,,,,,,,,0.7674279921547328,2024-08-22
000125201,10933825,CHEVRON U. S. A. INC.,148113,DR BLK60 T1S S23 DMG SWD,1,4064,0,,,2024-01-10,2030,,,,,,,,0,2024-08-22
000125201,10933825,CHEVRON U. S. A. INC.,148113,DR BLK60 T1S S23 DMG SWD,1,4064,0,,,2024-01-11,2030,,,,,,,,0,2024-08-22
000125202,10933824,CHEVRON U. S. A. INC.,148113,DR BLK60 T1S S27 DMG SWD,1,3793,1331.071617796802,,,2024-01-11,1729,,,,,,,,0.769850559743668,2024-08-22
000125202,10933824,CHEVRON U. S. A. INC.,148113,DR BLK60 T1S S27 DMG SWD,1,3793,1296.971559573765,,,2024-01-12,1729,,,,,,,,0.7501281431889908,2024-08-22
000125201,10933825,CHEVRON U. S. A. INC.,148113,DR BLK60 T1S S23 DMG SWD,1,4064,0,,,2024-01-12,2030,,,,,,,,0,2024-08-22
000125201,10933825,CHEVRON U. S. A. INC.,148113,DR BLK60 T1S S23 DMG SWD,1,4064,0,,,2024-01-13,2030,,,,,,,,0,2024-08-22
000125202,10933824,CHEVRON U. S. A. INC.,148113,DR BLK60 T1S S27 DMG SWD,1,3793,1260.543047595428,,,2024-01-13,1729,,,,,,,,0.7290590211656611,2024-08-22
000125202,10933824,CHEVRON U. S. A. INC.,148113,DR BLK60 T1S S27 DMG SWD,1,3793,1284.303582709965,,,2024-01-14,1729,,,,,,,,0.7428013780855783,2024-08-22
000125201,10933825,CHEVRON U. S. A. INC.,148113,DR BLK60 T1S S23 DMG SWD,1,4064,0,,,2024-01-14,2030,,,,,,,,0,2024-08-22
000125201,10933825,CHEVRON U. S. A. INC.,148113,DR BLK60 T1S S23 DMG SWD,1,4064,0,,,2024-01-15,2030,,,,,,,,0,2024-08-22
000125202,10933824,CHEVRON U. S. A. INC.,148113,DR BLK60 T1S S27 DMG SWD,1,3793,1296.627928748812,,,2024-01-15,1729,,,,,,,,0.7499293977725923,2024-08-22
000125202,10933824,CHEVRON U. S. A. INC.,148113,DR BLK60 T1S S27 DMG SWD,1,3793,1301.82125976006,,,2024-01-16,1729,,,,,,,,0.7529330594332331,2024-08-22
000125201,10933825,CHEVRON U. S. A. INC.,148113,DR BLK60 T1S S23 DMG SWD,1,4064,0,,,2024-01-16,2030,,,,,,,,0,2024-08-22
000125201,10933825,CHEVRON U. S. A. INC.,148113,DR BLK60 T1S S23 DMG SWD,1,4064,0,,,2024-01-17,2030,,,,,,,,0,2024-08-22
000125202,10933824,CHEVRON U. S. A. INC.,148113,DR BLK60 T1S S27 DMG SWD,1,3793,1305.807902129715,,,2024-01-17,1729,,,,,,,,0.7552388097916224,2024-08-22
000125202,10933824,CHEVRON U. S. A. INC.,148113,DR BLK60 T1S S27 DMG SWD,1,3793,1307.992407584005,,,2024-01-18,1729,,,,,,,,0.7565022600254511,2024-08-22
000125201,10933825,CHEVRON U. S. A. INC.,148113,DR BLK60 T1S S23 DMG SWD,1,4064,0,,,2024-01-18,2030,,,,,,,,0,2024-08-22
000125201,10933825,CHEVRON U. S. A. INC.,148113,DR BLK60 T1S S23 DMG SWD,1,4064,0,,,2024-01-19,2030,,,,,,,,0,2024-08-22
000125202,10933824,CHEVRON U. S. A. INC.,148113,DR BLK60 T1S S27 DMG SWD,1,3793,1310.822560365351,,,2024-01-19,1729,,,,,,,,0.7581391326578085,2024-08-22
000125202,10933824,CHEVRON U. S. A. INC.,148113,DR BLK60 T1S S27 DMG SWD,1,3793,1312.402449513196,,,2024-01-20,1729,,,,,,,,0.7590528915634448,2024-08-22
000125201,10933825,CHEVRON U. S. A. INC.,148113,DR BLK60 T1S S23 DMG SWD,1,4064,0,,,2024-01-20,2030,,,,,,,,0,2024-08-22
000125201,10933825,CHEVRON U. S. A. INC.,148113,DR BLK60 T1S S23 DMG SWD,1,4064,0,,,2024-01-21,2030,,,,,,,,0,2024-08-22
000125202,10933824,CHEVRON U. S. A. INC.,148113,DR BLK60 T1S S27 DMG SWD,1,3793,1312.742413079789,,,2024-01-21,1729,,,,,,,,0.759249515951295,2024-08-22
000125202,10933824,CHEVRON U. S. A. INC.,148113,DR BLK60 T1S S27 DMG SWD,1,3793,1307.093718519148,,,2024-01-22,1729,,,,,,,,0.7559824861302187,2024-08-22
000125201,10933825,CHEVRON U. S. A. INC.,148113,DR BLK60 T1S S23 DMG SWD,1,4064,0,,,2024-01-22,2030,,,,,,,,0,2024-08-22
000125201,10933825,CHEVRON U. S. A. INC.,148113,DR BLK60 T1S S23 DMG SWD,1,4064,0,,,2024-01-23,2030,,,,,,,,0,2024-08-22
000125202,10933824,CHEVRON U. S. A. INC.,148113,DR BLK60 T1S S27 DMG SWD,1,3793,1320.184200636126,,,2024-01-23,1729,,,,,,,,0.763553615174162,2024-08-22
000125202,10933824,CHEVRON U. S. A. INC.,148113,DR BLK60 T1S S27 DMG SWD,1,3793,1318.22527404894,,,2024-01-24,1729,,,,,,,,0.7624206327639907,2024-08-22
000125201,10933825,CHEVRON U. S. A. INC.,148113,DR BLK60 T1S S23 DMG SWD,1,4064,0,,,2024-01-24,2030,,,,,,,,0,2024-08-22
000125201,10933825,CHEVRON U. S. A. INC.,148113,DR BLK60 T1S S23 DMG SWD,1,4064,0,,,2024-01-25,2030,,,,,,,,0,2024-08-22
000125202,10933824,CHEVRON U. S. A. INC.,148113,DR BLK60 T1S S27 DMG SWD,1,3793,1318.259423310391,,,2024-01-25,1729,,,,,,,,0.7624403836381671,2024-08-22
000125202,10933824,CHEVRON U. S. A. INC.,148113,DR BLK60 T1S S27 DMG SWD,1,3793,1322.063241938598,,,2024-01-26,1729,,,,,,,,0.7646403944121445,2024-08-22
000125201,10933825,CHEVRON U. S. A. INC.,148113,DR BLK60 T1S S23 DMG SWD,1,4064,0,,,2024-01-26,2030,,,,,,,,0,2024-08-22
000125201,10933825,CHEVRON U. S. A. INC.,148113,DR BLK60 T1S S23 DMG SWD,1,4064,0,,,2024-01-27,2030,,,,,,,,0,2024-08-22
000125202,10933824,CHEVRON U. S. A. INC.,148113,DR BLK60 T1S S27 DMG SWD,1,3793,1324.914725431003,,,2024-01-27,1729,,,,,,,,0.7662896040665141,2024-08-22
000125202,10933824,CHEVRON U. S. A. INC.,148113,DR BLK60 T1S S27 DMG SWD,1,3793,1288.072733757683,,,2024-01-28,1729,,,,,,,,0.744981338205716,2024-08-22
000125201,10933825,CHEVRON U. S. A. INC.,148113,DR BLK60 T1S S23 DMG SWD,1,4064,0,,,2024-01-28,2030,,,,,,,,0,2024-08-22
000125201,10933825,CHEVRON U. S. A. INC.,148113,DR BLK60 T1S S23 DMG SWD,1,4064,0,,,2024-01-29,2030,,,,,,,,0,2024-08-22
000125202,10933824,CHEVRON U. S. A. INC.,148113,DR BLK60 T1S S27 DMG SWD,1,3793,1252.408824275873,,,2024-01-29,1729,,,,,,,,0.724354438563258,2024-08-22
000125202,10933824,CHEVRON U. S. A. INC.,148113,DR BLK60 T1S S27 DMG SWD,1,3793,1281.560666951751,,,2024-01-30,1729,,,,,,,,0.7412149606430023,2024-08-22
000125201,10933825,CHEVRON U. S. A. INC.,148113,DR BLK60 T1S S23 DMG SWD,1,4064,0,,,2024-01-30,2030,,,,,,,,0,2024-08-22
000125201,10933825,CHEVRON U. S. A. INC.,148113,DR BLK60 T1S S23 DMG SWD,1,4064,0,,,2024-01-31,2030,,,,,,,,0,2024-08-22
000125202,10933824,CHEVRON U. S. A. INC.,148113,DR BLK60 T1S S27 DMG SWD,1,3793,1197.003068869068,,,2024-01-31,1729,,,,,,,,0.6923094672464246,2024-08-22
000125202,10933824,CHEVRON U. S. A. INC.,148113,DR BLK60 T1S S27 DMG SWD,1,3793,1272.838393333787,,,2024-02-01,1729,,,,,,,,0.7361702679778989,2024-08-22
000125201,10933825,CHEVRON U. S. A. INC.,148113,DR BLK60 T1S S23 DMG SWD,1,4064,0,,,2024-02-01,2030,,,,,,,,0,2024-08-22
000125201,10933825,CHEVRON U. S. A. INC.,148113,DR BLK60 T1S S23 DMG SWD,1,4064,0,,,2024-02-02,2030,,,,,,,,0,2024-08-22
000125202,10933824,CHEVRON U. S. A. INC.,148113,DR BLK60 T1S S27 DMG SWD,1,3793,1240.510377674252,,,2024-02-02,1729,,,,,,,,0.7174727459076067,2024-08-22
000125202,10933824,CHEVRON U. S. A. INC.,148113,DR BLK60 T1S S27 DMG SWD,1,3793,1276.205552363025,,,2024-02-03,1729,,,,,,,,0.7381177283765327,2024-08-22
000125201,10933825,CHEVRON U. S. A. INC.,148113,DR BLK60 T1S S23 DMG SWD,1,4064,0,,,2024-02-03,2030,,,,,,,,0,2024-08-22
000125201,10933825,CHEVRON U. S. A. INC.,148113,DR BLK60 T1S S23 DMG SWD,1,4064,0,,,2024-02-04,2030,,,,,,,,0,2024-08-22
000125202,10933824,CHEVRON U. S. A. INC.,148113,DR BLK60 T1S S27 DMG SWD,1,3793,1280.821685943786,,,2024-02-04,1729,,,,,,,,0.740787556936834,2024-08-22
000125202,10933824,CHEVRON U. S. A. INC.,148113,DR BLK60 T1S S27 DMG SWD,1,3793,1292.839746679526,,,2024-02-05,1729,,,,,,,,0.7477384306995523,2024-08-22
000125201,10933825,CHEVRON U. S. A. INC.,148113,DR BLK60 T1S S23 DMG SWD,1,4064,0,,,2024-02-05,2030,,,,,,,,0,2024-08-22
000125201,10933825,CHEVRON U. S. A. INC.,148113,DR BLK60 T1S S23 DMG SWD,1,4064,0,,,2024-02-06,2030,,,,,,,,0,2024-08-22
000125202,10933824,CHEVRON U. S. A. INC.,148113,DR BLK60 T1S S27 DMG SWD,1,3793,1300.681767121777,,,2024-02-06,1729,,,,,,,,0.7522740122161811,2024-08-22
000125202,10933824,CHEVRON U. S. A. INC.,148113,DR BLK60 T1S S27 DMG SWD,1,3793,1306.069646946955,,,2024-02-07,1729,,,,,,,,0.7553901948796732,2024-08-22
000125201,10933825,CHEVRON U. S. A. INC.,148113,DR BLK60 T1S S23 DMG SWD,1,4064,0,,,2024-02-07,2030,,,,,,,,0,2024-08-22
000125201,10933825,CHEVRON U. S. A. INC.,148113,DR BLK60 T1S S23 DMG SWD,1,4064,0,,,2024-02-08,2030,,,,,,,,0,2024-08-22
000125202,10933824,CHEVRON U. S. A. INC.,148113,DR BLK60 T1S S27 DMG SWD,1,3793,1297.732377928129,,,2024-02-08,1729,,,,,,,,0.7505681769393459,2024-08-22
000125202,10933824,CHEVRON U. S. A. INC.,148113,DR BLK60 T1S S27 DMG SWD,1,3793,1246.865490589216,,,2024-02-09,1729,,,,,,,,0.721148346205446,2024-08-22
000125201,10933825,CHEVRON U. S. A. INC.,148113,DR BLK60 T1S S23 DMG SWD,1,4064,0,,,2024-02-09,2030,,,,,,,,0,2024-08-22
000125201,10933825,CHEVRON U. S. A. INC.,148113,DR BLK60 T1S S23 DMG SWD,1,4064,0,,,2024-02-10,2030,,,,,,,,0,2024-08-22
000125202,10933824,CHEVRON U. S. A. INC.,148113,DR BLK60 T1S S27 DMG SWD,1,3793,1299.970746870493,,,2024-02-10,1729,,,,,,,,0.7518627801448774,2024-08-22
000125202,10933824,CHEVRON U. S. A. INC.,148113,DR BLK60 T1S S27 DMG SWD,1,3793,1296.946291756654,,,2024-02-11,1729,,,,,,,,0.7501135290668908,2024-08-22
000125086,10933797,CIMAREX ENERGY CO.,153438,VAGRANT 38 SWD,6,4614,,1669,,2024-02-11,,,,,,,,,,2024-04-15
000125201,10933825,CHEVRON U. S. A. INC.,148113,DR BLK60 T1S S23 DMG SWD,1,4064,0,,,2024-02-11,2030,,,,,,,,0,2024-08-22
000125201,10933825,CHEVRON U. S. A. INC.,148113,DR BLK60 T1S S23 DMG SWD,1,4064,0,,,2024-02-12,2030,,,,,,,,0,2024-08-22
000125202,10933824,CHEVRON U. S. A. INC.,148113,DR BLK60 T1S S27 DMG SWD,1,3793,1231.696922625456,,,2024-02-12,1729,,,,,,,,0.712375316729587,2024-08-22
000125202,10933824,CHEVRON U. S. A. INC.,148113,DR BLK60 T1S S27 DMG SWD,1,3793,1318.024471646688,,,2024-02-13,1729,,,,,,,,0.7623044948795188,2024-08-22
000125201,10933825,CHEVRON U. S. A. INC.,148113,DR BLK60 T1S S23 DMG SWD,1,4064,0,,,2024-02-13,2030,,,,,,,,0,2024-08-22
000125201,10933825,CHEVRON U. S. A. INC.,148113,DR BLK60 T1S S23 DMG SWD,1,4064,0,,,2024-02-14,2030,,,,,,,,0,2024-08-22
000125202,10933824,CHEVRON U. S. A. INC.,148113,DR BLK60 T1S S27 DMG SWD,1,3793,1325.014047500301,,,2024-02-14,1729,,,,,,,,0.7663470488723546,2024-08-22
000125202,10933824,CHEVRON U. S. A. INC.,148113,DR BLK60 T1S S27 DMG SWD,1,3793,1329.811143017447,,,2024-02-15,1729,,,,,,,,0.7691215402067363,2024-08-22
000124948,10933771,CIMAREX ENERGY CO.,153438,NEEDLES 39 SWD,3,4454,,1557,,2024-02-15,,,,,,,,,,2024-04-15
000125201,10933825,CHEVRON U. S. A. INC.,148113,DR BLK60 T1S S23 DMG SWD,1,4064,0,,,2024-02-15,2030,,,,,,,,0,2024-08-22
000125201,10933825,CHEVRON U. S. A. INC.,148113,DR BLK60 T1S S23 DMG SWD,1,4064,0,,,2024-02-16,2030,,,,,,,,0,2024-08-22
000125202,10933824,CHEVRON U. S. A. INC.,148113,DR BLK60 T1S S27 DMG SWD,1,3793,1333.652408634764,,,2024-02-16,1729,,,,,,,,0.7713432091583367,2024-08-22
000125202,10933824,CHEVRON U. S. A. INC.,148113,DR BLK60 T1S S27 DMG SWD,1,3793,1337.55781625535,,,2024-02-17,1729,,,,,,,,0.7736019758561885,2024-08-22
000125201,10933825,CHEVRON U. S. A. INC.,148113,DR BLK60 T1S S23 DMG SWD,1,4064,0,,,2024-02-17,2030,,,,,,,,0,2024-08-22
000125201,10933825,CHEVRON U. S. A. INC.,148113,DR BLK60 T1S S23 DMG SWD,1,4064,0,,,2024-02-18,2030,,,,,,,,0,2024-08-22
000125202,10933824,CHEVRON U. S. A. INC.,148113,DR BLK60 T1S S27 DMG SWD,1,3793,1339.994524337913,,,2024-02-18,1729,,,,,,,,0.7750112922717831,2024-08-22
000125202,10933824,CHEVRON U. S. A. INC.,148113,DR BLK60 T1S S27 DMG SWD,1,3793,1341.576721147381,,,2024-02-19,1729,,,,,,,,0.7759263858573632,2024-08-22
000125201,10933825,CHEVRON U. S. A. INC.,148113,DR BLK60 T1S S23 DMG SWD,1,4064,0,,,2024-02-19,2030,,,,,,,,0,2024-08-22
000125201,10933825,CHEVRON U. S. A. INC.,148113,DR BLK60 T1S S23 DMG SWD,1,4064,0,,,2024-02-20,2030,,,,,,,,0,2024-08-22
000125202,10933824,CHEVRON U. S. A. INC.,148113,DR BLK60 T1S S27 DMG SWD,1,3793,1341.934257334832,,,2024-02-20,1729,,,,,,,,0.7761331737043562,2024-08-22
000125202,10933824,CHEVRON U. S. A. INC.,148113,DR BLK60 T1S S27 DMG SWD,1,3793,1338.395285580392,,,2024-02-21,1729,,,,,,,,0.7740863421517594,2024-08-22
000125201,10933825,CHEVRON U. S. A. INC.,148113,DR BLK60 T1S S23 DMG SWD,1,4064,0,,,2024-02-21,2030,,,,,,,,0,2024-08-22
000125201,10933825,CHEVRON U. S. A. INC.,148113,DR BLK60 T1S S23 DMG SWD,1,4064,0,,,2024-02-22,2030,,,,,,,,0,2024-08-22
000125202,10933824,CHEVRON U. S. A. INC.,148113,DR BLK60 T1S S27 DMG SWD,1,3793,1340.879642346306,,,2024-02-22,1729,,,,,,,,0.7755232170886673,2024-08-22
000125202,10933824,CHEVRON U. S. A. INC.,148113,DR BLK60 T1S S27 DMG SWD,1,3793,1343.678712652931,,,2024-02-23,1729,,,,,,,,0.7771421125812209,2024-08-22
000125201,10933825,CHEVRON U. S. A. INC.,148113,DR BLK60 T1S S23 DMG SWD,1,4064,0,,,2024-02-23,2030,,,,,,,,0,2024-08-22
000125201,10933825,CHEVRON U. S. A. INC.,148113,DR BLK60 T1S S23 DMG SWD,1,4064,0,,,2024-02-24,2030,,,,,,,,0,2024-08-22
000125202,10933824,CHEVRON U. S. A. INC.,148113,DR BLK60 T1S S27 DMG SWD,1,3793,1338.093472829428,,,2024-02-24,1729,,,,,,,,0.7739117830129717,2024-08-22
000125202,10933824,CHEVRON U. S. A. INC.,148113,DR BLK60 T1S S27 DMG SWD,1,3793,1347.606262259854,,,2024-02-25,1729,,,,,,,,0.7794136855175559,2024-08-22
000125201,10933825,CHEVRON U. S. A. INC.,148113,DR BLK60 T1S S23 DMG SWD,1,4064,0,,,2024-02-25,2030,,,,,,,,0,2024-08-22
000125201,10933825,CHEVRON U. S. A. INC.,148113,DR BLK60 T1S S23 DMG SWD,1,4064,0,,,2024-02-26,2030,,,,,,,,0,2024-08-22
000125202,10933824,CHEVRON U. S. A. INC.,148113,DR BLK60 T1S S27 DMG SWD,1,3793,1349.502706050605,,,2024-02-26,1729,,,,,,,,0.7805105298152718,2024-08-22
000125202,10933824,CHEVRON U. S. A. INC.,148113,DR BLK60 T1S S27 DMG SWD,1,3793,1351.02518567861,,,2024-02-27,1729,,,,,,,,0.7813910848343608,2024-08-22
000125201,10933825,CHEVRON U. S. A. INC.,148113,DR BLK60 T1S S23 DMG SWD,1,4064,0,,,2024-02-27,2030,,,,,,,,0,2024-08-22
000125201,10933825,CHEVRON U. S. A. INC.,148113,DR BLK60 T1S S23 DMG SWD,1,4064,0,,,2024-02-28,2030,,,,,,,,0,2024-08-22
000125202,10933824,CHEVRON U. S. A. INC.,148113,DR BLK60 T1S S27 DMG SWD,1,3793,1351.677455940487,,,2024-02-28,1729,,,,,,,,0.7817683377330753,2024-08-22
000125155,10933818,CIMAREX ENERGY CO.,153438,SEA HERO 13 SWD,4,4682,,1841,,2024-02-28,,,,,,,,,,2024-04-15
000125202,10933824,CHEVRON U. S. A. INC.,148113,DR BLK60 T1S S27 DMG SWD,1,3793,1311.240754582798,,,2024-02-29,1729,,,,,,,,0.7583810032289173,2024-08-22
000125201,10933825,CHEVRON U. S. A. INC.,148113,DR BLK60 T1S S23 DMG SWD,1,4064,0,,,2024-02-29,2030,,,,,,,,0,2024-08-22
000125201,10933825,CHEVRON U. S. A. INC.,148113,DR BLK60 T1S S23 DMG SWD,1,4064,0,,,2024-03-01,2030,,,,,,,,0,2024-08-22
000103282,13540893,"SLANT OPERATING, LLC",786697,GARDENDALE 8 SWD,1,14450,2625,,,2024-03-01,4922,,,,,,,,0.5333197887037789,2024-11-13
000125202,10933824,CHEVRON U. S. A. INC.,148113,DR BLK60 T1S S27 DMG SWD,1,3793,1337.622770867775,,,2024-03-01,1729,,,,,,,,0.7736395435903846,2024-08-22
000125183,10933816,CIMAREX ENERGY CO.,153438,ASSAULT 14 SWD,11,4508,,1680,,2024-03-01,,,,,,,,,,2024-04-15
000125202,10933824,CHEVRON U. S. A. INC.,148113,DR BLK60 T1S S27 DMG SWD,1,3793,1346.167364624537,,,2024-03-02,1729,,,,,,,,0.7785814717319474,2024-08-22
000103282,13540893,"SLANT OPERATING, LLC",786697,GARDENDALE 8 SWD,1,14450,2625,,,2024-03-02,4922,,,,,,,,0.5333197887037789,2024-11-13
000125201,10933825,CHEVRON U. S. A. INC.,148113,DR BLK60 T1S S23 DMG SWD,1,4064,0,,,2024-03-02,2030,,,,,,,,0,2024-08-22
000125201,10933825,CHEVRON U. S. A. INC.,148113,DR BLK60 T1S S23 DMG SWD,1,4064,0,,,2024-03-03,2030,,,,,,,,0,2024-08-22
000103282,13540893,"SLANT OPERATING, LLC",786697,GARDENDALE 8 SWD,1,14450,2625,,,2024-03-03,4922,,,,,,,,0.5333197887037789,2024-11-13
000125202,10933824,CHEVRON U. S. A. INC.,148113,DR BLK60 T1S S27 DMG SWD,1,3793,1348.447326749531,,,2024-03-03,1729,,,,,,,,0.7799001311448993,2024-08-22
000125182,10933820,CIMAREX ENERGY CO.,153438,BARBARO 23 SWD,10,4350,,1674,,2024-03-03,,,,,,,,,,2024-04-15
000125202,10933824,CHEVRON U. S. A. INC.,148113,DR BLK60 T1S S27 DMG SWD,1,3793,1339.799480908279,,,2024-03-04,1729,,,,,,,,0.774898485198542,2024-08-22
000103282,13540893,"SLANT OPERATING, LLC",786697,GARDENDALE 8 SWD,1,14450,2625,,,2024-03-04,4922,,,,,,,,0.5333197887037789,2024-11-13
000125201,10933825,CHEVRON U. S. A. INC.,148113,DR BLK60 T1S S23 DMG SWD,1,4064,0,,,2024-03-04,2030,,,,,,,,0,2024-08-22
000125201,10933825,CHEVRON U. S. A. INC.,148113,DR BLK60 T1S S23 DMG SWD,1,4064,0,,,2024-03-05,2030,,,,,,,,0,2024-08-22
000103282,13540893,"SLANT OPERATING, LLC",786697,GARDENDALE 8 SWD,1,14450,2625,,,2024-03-05,4922,,,,,,,,0.5333197887037789,2024-11-13
000125202,10933824,CHEVRON U. S. A. INC.,148113,DR BLK60 T1S S27 DMG SWD,1,3793,1347.592982098866,,,2024-03-05,1729,,,,,,,,0.779406004684133,2024-08-22
000125181,10933819,CIMAREX ENERGY CO.,153438,TIM TAM 24 SWD,16,4668,,1713,,2024-03-05,,,,,,,,,,2024-04-15
000125202,10933824,CHEVRON U. S. A. INC.,148113,DR BLK60 T1S S27 DMG SWD,1,3793,1322.569281375604,,,2024-03-06,1729,,,,,,,,0.7649330719349937,2024-08-22
000103282,13540893,"SLANT OPERATING, LLC",786697,GARDENDALE 8 SWD,1,14450,2625,,,2024-03-06,4922,,,,,,,,0.5333197887037789,2024-11-13
000125201,10933825,CHEVRON U. S. A. INC.,148113,DR BLK60 T1S S23 DMG SWD,1,4064,0,,,2024-03-06,2030,,,,,,,,0,2024-08-22
000125201,10933825,CHEVRON U. S. A. INC.,148113,DR BLK60 T1S S23 DMG SWD,1,4064,0,,,2024-03-07,2030,,,,,,,,0,2024-08-22
000103282,13540893,"SLANT OPERATING, LLC",786697,GARDENDALE 8 SWD,1,14450,2625,,,2024-03-07,4922,,,,,,,,0.5333197887037789,2024-11-13
000125202,10933824,CHEVRON U. S. A. INC.,148113,DR BLK60 T1S S27 DMG SWD,1,3793,1254.03763850515,,,2024-03-07,1729,,,,,,,,0.7252964942192885,2024-08-22
000125202,10933824,CHEVRON U. S. A. INC.,148113,DR BLK60 T1S S27 DMG SWD,1,3793,1336.719207169999,,,2024-03-08,1729,,,,,,,,0.7731169503585882,2024-08-22
000103282,13540893,"SLANT OPERATING, LLC",786697,GARDENDALE 8 SWD,1,14450,2625,,,2024-03-08,4922,,,,,,,,0.5333197887037789,2024-11-13
000125201,10933825,CHEVRON U. S. A. INC.,148113,DR BLK60 T1S S23 DMG SWD,1,4064,0,,,2024-03-08,2030,,,,,,,,0,2024-08-22
000125201,10933825,CHEVRON U. S. A. INC.,148113,DR BLK60 T1S S23 DMG SWD,1,4064,0,,,2024-03-09,2030,,,,,,,,0,2024-08-22
000103282,13540893,"SLANT OPERATING, LLC",786697,GARDENDALE 8 SWD,1,14450,2625,,,2024-03-09,4922,,,,,,,,0.5333197887037789,2024-11-13
000125202,10933824,CHEVRON U. S. A. INC.,148113,DR BLK60 T1S S27 DMG SWD,1,3793,1320.163238739476,,,2024-03-09,1729,,,,,,,,0.7635414914629705,2024-08-22
000125202,10933824,CHEVRON U. S. A. INC.,148113,DR BLK60 T1S S27 DMG SWD,1,3793,1340.278584648061,,,2024-03-10,1729,,,,,,,,0.7751755839491389,2024-08-22
000103282,13540893,"SLANT OPERATING, LLC",786697,GARDENDALE 8 SWD,1,14450,2625,,,2024-03-10,4922,,,,,,,,0.5333197887037789,2024-11-13
000125201,10933825,CHEVRON U. S. A. INC.,148113,DR BLK60 T1S S23 DMG SWD,1,4064,0,,,2024-03-10,2030,,,,,,,,0,2024-08-22
000125201,10933825,CHEVRON U. S. A. INC.,148113,DR BLK60 T1S S23 DMG SWD,1,4064,0,,,2024-03-11,2030,,,,,,,,0,2024-08-22
000103282,13540893,"SLANT OPERATING, LLC",786697,GARDENDALE 8 SWD,1,14450,2625,,,2024-03-11,4922,,,,,,,,0.5333197887037789,2024-11-13
000125202,10933824,CHEVRON U. S. A. INC.,148113,DR BLK60 T1S S27 DMG SWD,1,3793,1345.324709499803,,,2024-03-11,1729,,,,,,,,0.7780941061305975,2024-08-22
000125202,10933824,CHEVRON U. S. A. INC.,148113,DR BLK60 T1S S27 DMG SWD,1,3793,1334.126079026971,,,2024-03-12,1729,,,,,,,,0.771617165429133,2024-08-22
000103282,13540893,"SLANT OPERATING, LLC",786697,GARDENDALE 8 SWD,1,14450,2625,,,2024-03-12,4922,,,,,,,,0.5333197887037789,2024-11-13
000125201,10933825,CHEVRON U. S. A. INC.,148113,DR BLK60 T1S S23 DMG SWD,1,4064,0,,,2024-03-12,2030,,,,,,,,0,2024-08-22
000125201,10933825,CHEVRON U. S. A. INC.,148113,DR BLK60 T1S S23 DMG SWD,1,4064,0,,,2024-03-13,2030,,,,,,,,0,2024-08-22
000103282,13540893,"SLANT OPERATING, LLC",786697,GARDENDALE 8 SWD,1,14450,2625,,,2024-03-13,4922,,,,,,,,0.5333197887037789,2024-11-13
000125202,10933824,CHEVRON U. S. A. INC.,148113,DR BLK60 T1S S27 DMG SWD,1,3793,1332.030314706839,,,2024-03-13,1729,,,,,,,,0.7704050403162747,2024-08-22
000125202,10933824,CHEVRON U. S. A. INC.,148113,DR BLK60 T1S S27 DMG SWD,1,3793,1349.667158872275,,,2024-03-14,1729,,,,,,,,0.7806056442291932,2024-08-22
000103282,13540893,"SLANT OPERATING, LLC",786697,GARDENDALE 8 SWD,1,14450,2625,,,2024-03-14,4922,,,,,,,,0.5333197887037789,2024-11-13
000125201,10933825,CHEVRON U. S. A. INC.,148113,DR BLK60 T1S S23 DMG SWD,1,4064,0,,,2024-03-14,2030,,,,,,,,0,2024-08-22
000125201,10933825,CHEVRON U. S. A. INC.,148113,DR BLK60 T1S S23 DMG SWD,1,4064,0,,,2024-03-15,2030,,,,,,,,0,2024-08-22
000103282,13540893,"SLANT OPERATING, LLC",786697,GARDENDALE 8 SWD,1,14450,2625,,,2024-03-15,4922,,,,,,,,0.5333197887037789,2024-11-13
000125202,10933824,CHEVRON U. S. A. INC.,148113,DR BLK60 T1S S27 DMG SWD,1,3793,1352.927957747674,,,2024-03-15,1729,,,,,,,,0.782491589212073,2024-08-22
000125202,10933824,CHEVRON U. S. A. INC.,148113,DR BLK60 T1S S27 DMG SWD,1,3793,1335.160170264912,,,2024-03-16,1729,,,,,,,,0.7722152517437316,2024-08-22
000103282,13540893,"SLANT OPERATING, LLC",786697,GARDENDALE 8 SWD,1,14450,3056,,,2024-03-16,4922,,,,,,,,0.6208858187728565,2024-11-13
000125201,10933825,CHEVRON U. S. A. INC.,148113,DR BLK60 T1S S23 DMG SWD,1,4064,0,,,2024-03-16,2030,,,,,,,,0,2024-08-22
000125201,10933825,CHEVRON U. S. A. INC.,148113,DR BLK60 T1S S23 DMG SWD,1,4064,0,,,2024-03-17,2030,,,,,,,,0,2024-08-22
000103282,13540893,"SLANT OPERATING, LLC",786697,GARDENDALE 8 SWD,1,14450,3025,,,2024-03-17,4922,,,,,,,,0.614587566030069,2024-11-13
000125202,10933824,CHEVRON U. S. A. INC.,148113,DR BLK60 T1S S27 DMG SWD,1,3793,1340.022142562513,,,2024-03-17,1729,,,,,,,,0.7750272657967108,2024-08-22
000125202,10933824,CHEVRON U. S. A. INC.,148113,DR BLK60 T1S S27 DMG SWD,1,3793,1348.416744122755,,,2024-03-18,1729,,,,,,,,0.7798824431016513,2024-08-22
000103282,13540893,"SLANT OPERATING, LLC",786697,GARDENDALE 8 SWD,1,14450,3035,,,2024-03-18,4922,,,,,,,,0.6166192604632263,2024-11-13
000125201,10933825,CHEVRON U. S. A. INC.,148113,DR BLK60 T1S S23 DMG SWD,1,4064,0,,,2024-03-18,2030,,,,,,,,0,2024-08-22
000125201,10933825,CHEVRON U. S. A. INC.,148113,DR BLK60 T1S S23 DMG SWD,1,4064,0,,,2024-03-19,2030,,,,,,,,0,2024-08-22
000103282,13540893,"SLANT OPERATING, LLC",786697,GARDENDALE 8 SWD,1,14450,3040,,,2024-03-19,4922,,,,,,,,0.617635107679805,2024-11-13
000125202,10933824,CHEVRON U. S. A. INC.,148113,DR BLK60 T1S S27 DMG SWD,1,3793,1353.049609162209,,,2024-03-19,1729,,,,,,,,0.7825619486189757,2024-08-22
000125202,10933824,CHEVRON U. S. A. INC.,148113,DR BLK60 T1S S27 DMG SWD,1,3793,1356.25480296735,,,2024-03-20,1729,,,,,,,,0.7844157333530075,2024-08-22
000103282,13540893,"SLANT OPERATING, LLC",786697,GARDENDALE 8 SWD,1,14450,3035,,,2024-03-20,4922,,,,,,,,0.6166192604632263,2024-11-13
000125201,10933825,CHEVRON U. S. A. INC.,148113,DR BLK60 T1S S23 DMG SWD,1,4064,0,,,2024-03-20,2030,,,,,,,,0,2024-08-22
000125201,10933825,CHEVRON U. S. A. INC.,148113,DR BLK60 T1S S23 DMG SWD,1,4064,0,,,2024-03-21,2030,,,,,,,,0,2024-08-22
000103282,13540893,"SLANT OPERATING, LLC",786697,GARDENDALE 8 SWD,1,14450,3040,,,2024-03-21,4922,,,,,,,,0.617635107679805,2024-11-13
000125202,10933824,CHEVRON U. S. A. INC.,148113,DR BLK60 T1S S27 DMG SWD,1,3793,1348.856663398393,,,2024-03-21,1729,,,,,,,,0.7801368787729283,2024-08-22
000125202,10933824,CHEVRON U. S. A. INC.,148113,DR BLK60 T1S S27 DMG SWD,1,3793,1273.438453030003,,,2024-03-22,1729,,,,,,,,0.7365173239039925,2024-08-22
000103282,13540893,"SLANT OPERATING, LLC",786697,GARDENDALE 8 SWD,1,14450,2625,,,2024-03-22,4922,,,,,,,,0.5333197887037789,2024-11-13
000125201,10933825,CHEVRON U. S. A. INC.,148113,DR BLK60 T1S S23 DMG SWD,1,4064,0,,,2024-03-22,2030,,,,,,,,0,2024-08-22
000125201,10933825,CHEVRON U. S. A. INC.,148113,DR BLK60 T1S S23 DMG SWD,1,4064,0,,,2024-03-23,2030,,,,,,,,0,2024-08-22
000103282,13540893,"SLANT OPERATING, LLC",786697,GARDENDALE 8 SWD,1,14450,2625,,,2024-03-23,4922,,,,,,,,0.5333197887037789,2024-11-13
000125202,10933824,CHEVRON U. S. A. INC.,148113,DR BLK60 T1S S27 DMG SWD,1,3793,1341.100478463819,,,2024-03-23,1729,,,,,,,,0.7756509418529896,2024-08-22
000125202,10933824,CHEVRON U. S. A. INC.,148113,DR BLK60 T1S S27 DMG SWD,1,3793,1344.670446818855,,,2024-03-24,1729,,,,,,,,0.7777157008784586,2024-08-22
000103282,13540893,"SLANT OPERATING, LLC",786697,GARDENDALE 8 SWD,1,14450,3025,,,2024-03-24,4922,,,,,,,,0.614587566030069,2024-11-13
000125201,10933825,CHEVRON U. S. A. INC.,148113,DR BLK60 T1S S23 DMG SWD,1,4064,0,,,2024-03-24,2030,,,,,,,,0,2024-08-22
000125201,10933825,CHEVRON U. S. A. INC.,148113,DR BLK60 T1S S23 DMG SWD,1,4064,0,,,2024-03-25,2030,,,,,,,,0,2024-08-22
000103282,13540893,"SLANT OPERATING, LLC",786697,GARDENDALE 8 SWD,1,14450,2625,,,2024-03-25,4922,,,,,,,,0.5333197887037789,2024-11-13
000125202,10933824,CHEVRON U. S. A. INC.,148113,DR BLK60 T1S S27 DMG SWD,1,3793,1344.918526257593,,,2024-03-25,1729,,,,,,,,0.7778591823352186,2024-08-22
000125202,10933824,CHEVRON U. S. A. INC.,148113,DR BLK60 T1S S27 DMG SWD,1,3793,1342.117968771536,,,2024-03-26,1729,,,,,,,,0.7762394267041851,2024-08-22
000103282,13540893,"SLANT OPERATING, LLC",786697,GARDENDALE 8 SWD,1,14450,3035,,,2024-03-26,4922,,,,,,,,0.6166192604632263,2024-11-13
000125201,10933825,CHEVRON U. S. A. INC.,148113,DR BLK60 T1S S23 DMG SWD,1,4064,0,,,2024-03-26,2030,,,,,,,,0,2024-08-22
000125201,10933825,CHEVRON U. S. A. INC.,148113,DR BLK60 T1S S23 DMG SWD,1,4064,0,,,2024-03-27,2030,,,,,,,,0,2024-08-22
000103282,13540893,"SLANT OPERATING, LLC",786697,GARDENDALE 8 SWD,1,14450,3045,,,2024-03-27,4922,,,,,,,,0.6186509548963836,2024-11-13
000125202,10933824,CHEVRON U. S. A. INC.,148113,DR BLK60 T1S S27 DMG SWD,1,3793,1321.847343738207,,,2024-03-27,1729,,,,,,,,0.7645155255860075,2024-08-22
000125202,10933824,CHEVRON U. S. A. INC.,148113,DR BLK60 T1S S27 DMG SWD,1,3793,1348.744605199882,,,2024-03-28,1729,,,,,,,,0.7800720677847784,2024-08-22
000103282,13540893,"SLANT OPERATING, LLC",786697,GARDENDALE 8 SWD,1,14450,3030,,,2024-03-28,4922,,,,,,,,0.6156034132466477,2024-11-13
000125201,10933825,CHEVRON U. S. A. INC.,148113,DR BLK60 T1S S23 DMG SWD,1,4064,0,,,2024-03-28,2030,,,,,,,,0,2024-08-22
000125201,10933825,CHEVRON U. S. A. INC.,148113,DR BLK60 T1S S23 DMG SWD,1,4064,0,,,2024-03-29,2030,,,,,,,,0,2024-08-22
000103282,13540893,"SLANT OPERATING, LLC",786697,GARDENDALE 8 SWD,1,14450,2605,,,2024-03-29,4922,,,,,,,,0.5292563998374644,2024-11-13
000125202,10933824,CHEVRON U. S. A. INC.,148113,DR BLK60 T1S S27 DMG SWD,1,3793,1353.543259645302,,,2024-03-29,1729,,,,,,,,0.7828474607549462,2024-08-22
000125202,10933824,CHEVRON U. S. A. INC.,148113,DR BLK60 T1S S27 DMG SWD,1,3793,1355.148926531908,,,2024-03-30,1729,,,,,,,,0.783776128705557,2024-08-22
000103282,13540893,"SLANT OPERATING, LLC",786697,GARDENDALE 8 SWD,1,14450,2605,,,2024-03-30,4922,,,,,,,,0.5292563998374644,2024-11-13
000125201,10933825,CHEVRON U. S. A. INC.,148113,DR BLK60 T1S S23 DMG SWD,1,4064,0,,,2024-03-30,2030,,,,,,,,0,2024-08-22
000125201,10933825,CHEVRON U. S. A. INC.,148113,DR BLK60 T1S S23 DMG SWD,1,4064,0,,,2024-03-31,2030,,,,,,,,0,2024-08-22
000103282,13540893,"SLANT OPERATING, LLC",786697,GARDENDALE 8 SWD,1,14450,2605,,,2024-03-31,4922,,,,,,,,0.5292563998374644,2024-11-13
000125202,10933824,CHEVRON U. S. A. INC.,148113,DR BLK60 T1S S27 DMG SWD,1,3793,1338.53203251049,,,2024-03-31,1729,,,,,,,,0.774165432336894,2024-08-22
000125202,10933824,CHEVRON U. S. A. INC.,148113,DR BLK60 T1S S27 DMG SWD,1,3793,1328.628131716735,,,2024-04-01,1729,,,,,,,,0.7684373231444389,2024-08-22
000103282,13540893,"SLANT OPERATING, LLC",786697,GARDENDALE 8 SWD,1,14450,2580,,,2024-04-01,4922,,,,,,,,0.5241771637545714,2024-11-13
000125201,10933825,CHEVRON U. S. A. INC.,148113,DR BLK60 T1S S23 DMG SWD,1,4064,0,,,2024-04-01,2030,,,,,,,,0,2024-08-22
000125966,38940368,BPX MIDSTREAM LLC,085409,BISHOP 57-T2-47 SWD,726,5731,0,,,2024-04-01,2862,,0,0,,,,,0,2024-05-17
000125967,38940369,BPX MIDSTREAM LLC,085409,BISHOP 57-T2-47 SWD,727,5784,0,,,2024-04-01,2956,,0,0,,,,,0,2024-05-15
000125967,38940369,BPX MIDSTREAM LLC,085409,BISHOP 57-T2-47 SWD,727,5784,0,,,2024-04-02,2956,,0,0,,,,,0,2024-05-15
000125966,38940368,BPX MIDSTREAM LLC,085409,BISHOP 57-T2-47 SWD,726,5731,0,,,2024-04-02,2862,,0,0,,,,,0,2024-05-17
000125201,10933825,CHEVRON U. S. A. INC.,148113,DR BLK60 T1S S23 DMG SWD,1,4064,0,,,2024-04-02,2030,,,,,,,,0,2024-08-22
000103282,13540893,"SLANT OPERATING, LLC",786697,GARDENDALE 8 SWD,1,14450,2580,,,2024-04-02,4922,,,,,,,,0.5241771637545714,2024-11-13
000125202,10933824,CHEVRON U. S. A. INC.,148113,DR BLK60 T1S S27 DMG SWD,1,3793,1344.237911066023,,,2024-04-02,1729,,,,,,,,0.777465535607879,2024-08-22
000125202,10933824,CHEVRON U. S. A. INC.,148113,DR BLK60 T1S S27 DMG SWD,1,3793,1341.850593733706,,,2024-04-03,1729,,,,,,,,0.776084785271085,2024-08-22
000103282,13540893,"SLANT OPERATING, LLC",786697,GARDENDALE 8 SWD,1,14450,2500,,,2024-04-03,4922,,,,,,,,0.5079236082893133,2024-11-13
000125201,10933825,CHEVRON U. S. A. INC.,148113,DR BLK60 T1S S23 DMG SWD,1,4064,0,,,2024-04-03,2030,,,,,,,,0,2024-08-22
000125966,38940368,BPX MIDSTREAM LLC,085409,BISHOP 57-T2-47 SWD,726,5731,0,,,2024-04-03,2862,,0,0,,,,,0,2024-05-17
000125967,38940369,BPX MIDSTREAM LLC,085409,BISHOP 57-T2-47 SWD,727,5784,0,,,2024-04-03,2956,,0,0,,,,,0,2024-05-15
000125967,38940369,BPX MIDSTREAM LLC,085409,BISHOP 57-T2-47 SWD,727,5784,0,,,2024-04-04,2956,,0,0,,,,,0,2024-05-15
000125966,38940368,BPX MIDSTREAM LLC,085409,BISHOP 57-T2-47 SWD,726,5731,0,,,2024-04-04,2862,,0,0,,,,,0,2024-05-17
000125201,10933825,CHEVRON U. S. A. INC.,148113,DR BLK60 T1S S23 DMG SWD,1,4064,0,,,2024-04-04,2030,,,,,,,,0,2024-08-22
000103282,13540893,"SLANT OPERATING, LLC",786697,GARDENDALE 8 SWD,1,14450,2510,,,2024-04-04,4922,,,,,,,,0.5099553027224706,2024-11-13
000125202,10933824,CHEVRON U. S. A. INC.,148113,DR BLK60 T1S S27 DMG SWD,1,3793,1347.691163863449,,,2024-04-04,1729,,,,,,,,0.7794627899730764,2024-08-22
000125202,10933824,CHEVRON U. S. A. INC.,148113,DR BLK60 T1S S27 DMG SWD,1,3793,1331.001691938857,,,2024-04-05,1729,,,,,,,,0.7698101167951746,2024-08-22
000103282,13540893,"SLANT OPERATING, LLC",786697,GARDENDALE 8 SWD,1,14450,2525,,,2024-04-05,4922,,,,,,,,0.5130028443722064,2024-11-13
000125201,10933825,CHEVRON U. S. A. INC.,148113,DR BLK60 T1S S23 DMG SWD,1,4064,0,,,2024-04-05,2030,,,,,,,,0,2024-08-22
000125966,38940368,BPX MIDSTREAM LLC,085409,BISHOP 57-T2-47 SWD,726,5731,0,,,2024-04-05,2862,,0,0,,,,,0,2024-05-17
000125967,38940369,BPX MIDSTREAM LLC,085409,BISHOP 57-T2-47 SWD,727,5784,1440.26915394751,,,2024-04-05,2956,,1630.775640635277,1695.073806692601,,,,,0.487235843689956,2024-05-15
000125967,38940369,BPX MIDSTREAM LLC,085409,BISHOP 57-T2-47 SWD,727,5784,1725.861009808987,,,2024-04-06,2956,,1675.630964597992,1719.176503219983,,,,,0.5838501386363285,2024-05-15
000125966,38940368,BPX MIDSTREAM LLC,085409,BISHOP 57-T2-47 SWD,726,5731,0,,,2024-04-06,2862,,0,0,,,,,0,2024-05-17
000125201,10933825,CHEVRON U. S. A. INC.,148113,DR BLK60 T1S S23 DMG SWD,1,4064,0,,,2024-04-06,2030,,,,,,,,0,2024-08-22
000103282,13540893,"SLANT OPERATING, LLC",786697,GARDENDALE 8 SWD,1,14450,2600,,,2024-04-06,4922,,,,,,,,0.5282405526208859,2024-11-13
000125202,10933824,CHEVRON U. S. A. INC.,148113,DR BLK60 T1S S27 DMG SWD,1,3793,1323.928182975629,,,2024-04-06,1729,,,,,,,,0.7657190184937125,2024-08-22
000125202,10933824,CHEVRON U. S. A. INC.,148113,DR BLK60 T1S S27 DMG SWD,1,3793,1320.71960797795,,,2024-04-07,1729,,,,,,,,0.7638632781827357,2024-08-22
000103282,13540893,"SLANT OPERATING, LLC",786697,GARDENDALE 8 SWD,1,14450,2700,,,2024-04-07,4922,,,,,,,,0.5485574969524584,2024-11-13
000125201,10933825,CHEVRON U. S. A. INC.,148113,DR BLK60 T1S S23 DMG SWD,1,4064,0,,,2024-04-07,2030,,,,,,,,0,2024-08-22
000125966,38940368,BPX MIDSTREAM LLC,085409,BISHOP 57-T2-47 SWD,726,5731,0,,,2024-04-07,2862,,0,0,,,,,0,2024-05-17
000125967,38940369,BPX MIDSTREAM LLC,085409,BISHOP 57-T2-47 SWD,727,5784,1717.369105423357,,,2024-04-07,2956,,1668.983756736413,1675.971296903742,,,,,0.5809773698996472,2024-05-15
000125967,38940369,BPX MIDSTREAM LLC,085409,BISHOP 57-T2-47 SWD,727,5784,1723.076594147058,,,2024-04-08,2956,,1713.505742027922,1725.853265,,,,,0.5829081847588152,2024-05-15
000125966,38940368,BPX MIDSTREAM LLC,085409,BISHOP 57-T2-47 SWD,726,5731,0,,,2024-04-08,2862,,0,0,,,,,0,2024-05-17
000125201,10933825,CHEVRON U. S. A. INC.,148113,DR BLK60 T1S S23 DMG SWD,1,4064,0,,,2024-04-08,2030,,,,,,,,0,2024-08-22
000103282,13540893,"SLANT OPERATING, LLC",786697,GARDENDALE 8 SWD,1,14450,3025,,,2024-04-08,4922,,,,,,,,0.614587566030069,2024-11-13
000125202,10933824,CHEVRON U. S. A. INC.,148113,DR BLK60 T1S S27 DMG SWD,1,3793,1322.092951722301,,,2024-04-08,1729,,,,,,,,0.764657577630018,2024-08-22
000125202,10933824,CHEVRON U. S. A. INC.,148113,DR BLK60 T1S S27 DMG SWD,1,3793,1324.952154043249,,,2024-04-09,1729,,,,,,,,0.7663112516155286,2024-08-22
000103282,13540893,"SLANT OPERATING, LLC",786697,GARDENDALE 8 SWD,1,14450,3025,,,2024-04-09,4922,,,,,,,,0.614587566030069,2024-11-13
000125201,10933825,CHEVRON U. S. A. INC.,148113,DR BLK60 T1S S23 DMG SWD,1,4064,0,,,2024-04-09,2030,,,,,,,,0,2024-08-22
000125966,38940368,BPX MIDSTREAM LLC,085409,BISHOP 57-T2-47 SWD,726,5731,0,,,2024-04-09,2862,,0,0,,,,,0,2024-05-17
000125967,38940369,BPX MIDSTREAM LLC,085409,BISHOP 57-T2-47 SWD,727,5784,1738.39117267361,,,2024-04-09,2956,,0,0,,,,,0.5880890299978383,2024-05-15
000125967,38940369,BPX MIDSTREAM LLC,085409,BISHOP 57-T2-47 SWD,727,5784,1739.044579999995,,,2024-04-10,2956,,0,0,,,,,0.5883100744248968,2024-05-15
000125966,38940368,BPX MIDSTREAM LLC,085409,BISHOP 57-T2-47 SWD,726,5731,0,,,2024-04-10,2862,,0,0,,,,,0,2024-05-17
000125201,10933825,CHEVRON U. S. A. INC.,148113,DR BLK60 T1S S23 DMG SWD,1,4064,0,,,2024-04-10,2030,,,,,,,,0,2024-08-22
000103282,13540893,"SLANT OPERATING, LLC",786697,GARDENDALE 8 SWD,1,14450,3025,,,2024-04-10,4922,,,,,,,,0.614587566030069,2024-11-13
000125202,10933824,CHEVRON U. S. A. INC.,148113,DR BLK60 T1S S27 DMG SWD,1,3793,1325.225342478052,,,2024-04-10,1729,,,,,,,,0.7664692553372192,2024-08-22
000125202,10933824,CHEVRON U. S. A. INC.,148113,DR BLK60 T1S S27 DMG SWD,1,3793,1329.43650872637,,,2024-04-11,1729,,,,,,,,0.768904863346657,2024-08-22
000103282,13540893,"SLANT OPERATING, LLC",786697,GARDENDALE 8 SWD,1,14450,3025,,,2024-04-11,4922,,,,,,,,0.614587566030069,2024-11-13
000125201,10933825,CHEVRON U. S. A. INC.,148113,DR BLK60 T1S S23 DMG SWD,1,4064,0,,,2024-04-11,2030,,,,,,,,0,2024-08-22
000125966,38940368,BPX MIDSTREAM LLC,085409,BISHOP 57-T2-47 SWD,726,5731,0,,,2024-04-11,2862,,0,0,,,,,0,2024-05-17
000125967,38940369,BPX MIDSTREAM LLC,085409,BISHOP 57-T2-47 SWD,727,5784,1739.346362944441,,,2024-04-11,2956,,0,0,,,,,0.5884121660840463,2024-05-15
000125967,38940369,BPX MIDSTREAM LLC,085409,BISHOP 57-T2-47 SWD,727,5784,1740.630654638889,,,2024-04-12,2956,,0,0,,,,,0.5888466355341302,2024-05-15
000125966,38940368,BPX MIDSTREAM LLC,085409,BISHOP 57-T2-47 SWD,726,5731,0,,,2024-04-12,2862,,0,0,,,,,0,2024-05-17
000125201,10933825,CHEVRON U. S. A. INC.,148113,DR BLK60 T1S S23 DMG SWD,1,4064,0,,,2024-04-12,2030,,,,,,,,0,2024-08-22
000103282,13540893,"SLANT OPERATING, LLC",786697,GARDENDALE 8 SWD,1,14450,3025,,,2024-04-12,4922,,,,,,,,0.614587566030069,2024-11-13
000125202,10933824,CHEVRON U. S. A. INC.,148113,DR BLK60 T1S S27 DMG SWD,1,3793,1330.184268085852,,,2024-04-12,1729,,,,,,,,0.7693373441792087,2024-08-22
000125202,10933824,CHEVRON U. S. A. INC.,148113,DR BLK60 T1S S27 DMG SWD,1,3793,1329.920120436188,,,2024-04-13,1729,,,,,,,,0.769184569367373,2024-08-22
000103282,13540893,"SLANT OPERATING, LLC",786697,GARDENDALE 8 SWD,1,14450,3050,,,2024-04-13,4922,,,,,,,,0.6196668021129622,2024-11-13
000125201,10933825,CHEVRON U. S. A. INC.,148113,DR BLK60 T1S S23 DMG SWD,1,4064,0,,,2024-04-13,2030,,,,,,,,0,2024-08-22
000125966,38940368,BPX MIDSTREAM LLC,085409,BISHOP 57-T2-47 SWD,726,5731,0,,,2024-04-13,2862,,0,0,,,,,0,2024-05-17
000125967,38940369,BPX MIDSTREAM LLC,085409,BISHOP 57-T2-47 SWD,727,5784,1741.147754111111,,,2024-04-13,2956,,0,0,,,,,0.589021567696587,2024-05-15
000125967,38940369,BPX MIDSTREAM LLC,085409,BISHOP 57-T2-47 SWD,727,5784,1741.716928451388,,,2024-04-14,2956,,0,0,,,,,0.5892141165261799,2024-05-15
000125966,38940368,BPX MIDSTREAM LLC,085409,BISHOP 57-T2-47 SWD,726,5731,0,,,2024-04-14,2862,,0,0,,,,,0,2024-05-17
000125201,10933825,CHEVRON U. S. A. INC.,148113,DR BLK60 T1S S23 DMG SWD,1,4064,0,,,2024-04-14,2030,,,,,,,,0,2024-08-22
000103282,13540893,"SLANT OPERATING, LLC",786697,GARDENDALE 8 SWD,1,14450,3050,,,2024-04-14,4922,,,,,,,,0.6196668021129622,2024-11-13
000125202,10933824,CHEVRON U. S. A. INC.,148113,DR BLK60 T1S S27 DMG SWD,1,3793,1335.742987794541,,,2024-04-14,1729,,,,,,,,0.7725523353351885,2024-08-22
000125202,10933824,CHEVRON U. S. A. INC.,148113,DR BLK60 T1S S27 DMG SWD,1,3793,1342.399464822659,,,2024-04-15,1729,,,,,,,,0.7764022352936142,2024-08-22
000103282,13540893,"SLANT OPERATING, LLC",786697,GARDENDALE 8 SWD,1,14450,3055,,,2024-04-15,4922,,,,,,,,0.6206826493295409,2024-11-13
000125201,10933825,CHEVRON U. S. A. INC.,148113,DR BLK60 T1S S23 DMG SWD,1,4064,0,,,2024-04-15,2030,,,,,,,,0,2024-08-22
000125966,38940368,BPX MIDSTREAM LLC,085409,BISHOP 57-T2-47 SWD,726,5731,0,,,2024-04-15,2862,,0,0,,,,,0,2024-05-17
000125967,38940369,BPX MIDSTREAM LLC,085409,BISHOP 57-T2-47 SWD,727,5784,1741.953544180556,,,2024-04-15,2956,,0,0,,,,,0.589294162442678,2024-05-15
000125967,38940369,BPX MIDSTREAM LLC,085409,BISHOP 57-T2-47 SWD,727,5784,1741.824991902777,,,2024-04-16,2956,,0,0,,,,,0.5892506738507365,2024-05-15
000125966,38940368,BPX MIDSTREAM LLC,085409,BISHOP 57-T2-47 SWD,726,5731,0,,,2024-04-16,2862,,0,0,,,,,0,2024-05-17
000125201,10933825,CHEVRON U. S. A. INC.,148113,DR BLK60 T1S S23 DMG SWD,1,4064,0,,,2024-04-16,2030,,,,,,,,0,2024-08-22
000103282,13540893,"SLANT OPERATING, LLC",786697,GARDENDALE 8 SWD,1,14450,3055,,,2024-04-16,4922,,,,,,,,0.6206826493295409,2024-11-13
000125202,10933824,CHEVRON U. S. A. INC.,148113,DR BLK60 T1S S27 DMG SWD,1,3793,1336.523791817292,,,2024-04-16,1729,,,,,,,,0.7730039281765715,2024-08-22
