OBJECTID,EventId,yr,mon,day,hr,min_,sec,evid,latR,lonR,depR,mag,qID,cID,nbranch,qnpair,qndiffP,qndiffS,rmsP,rmsS,eh,ez,et,latC,lonC,depC,EventDate,Shape
1,texnet2017bumg,2017,1,26,10,26,20.143,2197581,31.39917,-103.46463,2.29,1.87,15,36,45,1,5,1,0.07,0.11,-1,-1,-1,31.41266,-103.47192,0.024,2017-01-26 10:26:20.143,
2,texnet2017cmid,2017,2,5,4,48,26,3041305,31.40522,-103.49604,0.017,2.18,26,9,306,55,168,227,0.28,0.7,-1,-1,-1,31.424,-103.49769,3.381,2017-02-05 04:48:26.000,
3,texnet2017corr,2017,2,6,11,54,48.591,3153287,31.41639,-103.52176,6.263,1.52,2,26,78,25,97,86,0.06,0.13,-1,-1,-1,31.44008,-103.50251,2.712,2017-02-06 11:54:48.591,
4,texnet2017cqbk,2017,2,7,5,57,40.579,3218260,31.25028,-103.43383,8.484,1.79,16,4,1059,28,71,109,0.68,0.87,-1,-1,-1,31.25803,-103.42545,8.471,2017-02-07 05:57:40.579,
5,texnet2017ctzc,2017,2,9,9,20,20.358,3403220,31.47579,-103.60116,8.556,1.51,32,22,99,10,25,41,0.27,2.09,-1,-1,-1,31.49202,-103.6094,4.923,2017-02-09 09:20:20.358,
6,texnet2017cwhc,2017,2,10,15,38,43.401,3512324,31.0907,-103.33791,6.134,1.02,7,8,384,16,41,62,1.27,1.12,-1,-1,-1,31.08879,-103.34438,7.237,2017-02-10 15:38:43.401,
7,texnet2017cxfj,2017,2,11,3,56,36.462,3556596,31.38483,-103.50879,2.646,2.11,73,4,1059,95,302,339,0.42,1.03,-1,-1,-1,31.40378,-103.51381,4.203,2017-02-11 03:56:36.462,
8,texnet2017cxhi,2017,2,11,4,54,33.32,3560072,31.40534,-103.48158,4.555,1.73,28,36,45,14,39,54,0.16,0.23,-1,-1,-1,31.38674,-103.45961,3.124,2017-02-11 04:54:33.320,
9,texnet2017cxsg,2017,2,11,10,24,39.713,3579879,31.38483,-103.50415,3.107,1.36,10,4,1059,22,65,76,0.28,0.4,-1,-1,-1,31.43227,-103.49876,4.512,2017-02-11 10:24:39.713,
10,texnet2017cxvs,2017,2,11,12,9,41.644,3586181,31.13064,-103.46899,2.044,2.33,35,16,154,33,104,163,0.56,0.64,-1,-1,-1,31.09492,-103.48935,5.437,2017-02-11 12:09:41.644,
11,texnet2017cxxn,2017,2,11,13,5,17.815,3589517,31.41425,-103.5173,5.653,1.65,1,26,78,20,65,74,0.13,0.28,-1,-1,-1,31.41204,-103.48911,3.072,2017-02-11 13:05:17.815,
12,texnet2017cyfr,2017,2,11,17,12,6.995,3604326,31.40839,-103.38732,5.752,2.09,51,4,1059,15,42,61,0.61,1.72,-1,-1,-1,31.52492,-103.32994,7.186,2017-02-11 17:12:06.995,
13,texnet2017czqk,2017,2,12,11,45,47.904,3671148,31.10673,-103.44709,7.573,1.28,22,8,384,14,30,67,0.76,0.98,-1,-1,-1,31.09768,-103.4947,5.746,2017-02-12 11:45:47.904,
14,texnet2017dbgf,2017,2,13,8,52,23.12,3747143,31.43094,-103.44029,3.149,2.56,71,93,3,2,6,7,0.49,2.79,-1,-1,-1,31.41846,-103.46656,3.689,2017-02-13 08:52:23.120,
15,texnet2017dcct,2017,2,13,20,16,5.132,3788165,31.13893,-103.49437,3.649,1.32,50,12,205,43,67,223,0.31,0.4,-1,-1,-1,31.11975,-103.51074,5.746,2017-02-13 20:16:05.132,
16,texnet2017dcii,2017,2,13,23,5,40.539,3798340,31.50703,-103.70084,6.279,2.24,18,22,99,36,148,121,0.2,0.38,-1,-1,-1,31.5241,-103.72335,6.157,2017-02-13 23:05:40.539,
17,texnet2017dcvh,2017,2,14,5,38,28.101,3821907,31.43813,-103.60422,5.529,1.54,56,9,306,46,168,162,0.32,0.7,-1,-1,-1,31.44882,-103.59112,2.969,2017-02-14 05:38:28.101,
18,texnet2017ddfo,2017,2,14,10,49,1.727,3840541,31.16065,-103.54168,2.379,1.69,17,4,1059,8,28,36,0.17,0.3,-1,-1,-1,31.14365,-103.5225,6.054,2017-02-14 10:49:01.727,
19,texnet2017demh,2017,2,15,3,21,47.612,3900107,31.14832,-103.3353,5.787,2.2,67,8,384,85,319,326,0.98,1.3,-1,-1,-1,31.13706,-103.35336,4.306,2017-02-15 03:21:47.612,
20,texnet2017dgez,2017,2,16,1,56,50.102,3981410,31.15756,-103.5321,1.977,1.26,3,4,1059,5,16,24,0.36,0.2,-1,-1,-1,31.14458,-103.53535,3.792,2017-02-16 01:56:50.102,
21,texnet2017dghj,2017,2,16,3,8,54.291,3985734,31.15293,-103.50919,4.352,1.24,9,12,205,90,207,426,0.24,0.37,-1,-1,-1,31.13814,-103.52999,3.998,2017-02-16 03:08:54.291,
22,texnet2017dgsu,2017,2,16,8,54,47.327,4006487,31.15017,-103.5033,4.182,1.01,12,12,205,24,36,119,0.37,0.37,-1,-1,-1,31.14228,-103.53267,7.648,2017-02-16 08:54:47.327,
23,texnet2017dgwa,2017,2,16,10,32,22.33,4012344,31.14987,-103.41727,-2.52,1.16,78,8,384,9,18,37,1.01,1.37,-1,-1,-1,31.14726,-103.50164,3.741,2017-02-16 10:32:22.330,
24,texnet2017divs,2017,2,17,12,39,50.868,4106390,31.41811,-103.52089,8.004,2.33,72,29,73,7,23,26,0.47,1.24,-1,-1,-1,31.39643,-103.54923,2.764,2017-02-17 12:39:50.868,
25,texnet2017djhy,2017,2,17,18,50,7.518,4128608,31.14806,-103.45205,-5.854,1.71,40,16,154,29,61,143,2.59,1.11,-1,-1,-1,31.11974,-103.49575,6.877,2017-02-17 18:50:07.518,
26,texnet2017djjz,2017,2,17,19,52,26.099,4132345,31.13534,-103.49117,3.391,2.42,100,12,205,57,148,286,0.27,0.43,-1,-1,-1,31.11607,-103.5011,6.054,2017-02-17 19:52:26.099,
27,texnet2017djrd,2017,2,17,23,29,21.132,4145361,31.09702,-103.42004,5.188,1.34,45,12,205,3,6,12,0.47,0.42,-1,-1,-1,31.1036,-103.42567,9.088,2017-02-17 23:29:21.132,
28,texnet2017djsm,2017,2,18,0,10,14.178,4147813,31.13784,-103.49233,3.719,1.69,30,12,205,69,195,306,0.52,0.38,-1,-1,-1,31.10918,-103.50914,1.89,2017-02-18 00:10:14.178,
29,texnet2017dntk,2017,2,20,5,10,26.042,4338628,31.07143,-103.3977,4.575,1.03,24,8,384,12,35,40,0.87,1.48,-1,-1,-1,31.01169,-103.43008,9.088,2017-02-20 05:10:26.042,
30,texnet2017dnyl,2017,2,20,7,44,18.749,4347858,31.26387,-103.52786,3.546,1.59,21,11,217,4,11,17,0.45,1.26,-1,-1,-1,31.20294,-103.53908,2.918,2017-02-20 07:44:18.749,
31,texnet2017dotx,2017,2,20,18,34,13.736,4386852,31.43565,-103.60026,5.583,1.67,36,9,306,48,184,174,0.33,0.79,-1,-1,-1,31.48605,-103.59274,4.975,2017-02-20 18:34:13.736,
32,texnet2017dpfn,2017,2,21,0,26,7.75,4407967,31.12141,-103.46349,2.882,1.76,19,16,154,37,95,202,0.72,0.67,-1,-1,-1,31.08481,-103.48187,4.82,2017-02-21 00:26:07.750,
33,texnet2017dpmr,2017,2,21,4,2,56.622,4420976,31.44959,-103.57426,4.797,1.75,29,29,73,34,133,113,0.1,0.59,-1,-1,-1,31.45846,-103.62281,4.769,2017-02-21 04:02:56.622,
34,texnet2017drow,2017,2,22,7,26,11.532,4519571,31.16309,-103.51628,4.697,1.07,85,12,205,69,126,348,0.25,0.46,-1,-1,-1,31.13401,-103.53802,3.021,2017-02-22 07:26:11.532,
35,texnet2017duxt,2017,2,24,3,19,42.655,4677582,31.13137,-103.46987,3.159,1.19,23,16,154,25,58,113,0.53,0.54,-1,-1,-1,31.0963,-103.48346,6.003,2017-02-24 03:19:42.655,
36,texnet2017dvec,2017,2,24,6,31,51.683,4689111,31.12726,-103.60754,2.206,1.46,46,45,29,8,23,34,0.35,1.02,-1,-1,-1,31.09584,-103.63915,2.764,2017-02-24 06:31:51.683,
37,texnet2017dvlp,2017,2,24,10,19,30.353,4702770,31.45488,-103.58428,4.446,1.23,61,29,73,27,109,95,0.1,0.57,-1,-1,-1,31.48376,-103.58253,3.792,2017-02-24 10:19:30.353,
38,texnet2017dvoh,2017,2,24,11,41,4.77,4707664,31.16837,-103.53901,2.111,1.42,70,4,1059,5,20,17,0.33,0.32,-1,-1,-1,31.14917,-103.52999,2.25,2017-02-24 11:41:04.770,
39,texnet2017dvuh,2017,2,24,14,43,19.683,4718599,31.32171,-103.62357,10.935,1,8,9,306,4,13,16,0.76,0.62,-1,-1,-1,31.27388,-103.62439,8.214,2017-02-24 14:43:19.683,
40,texnet2017dwwe,2017,2,25,4,47,32.099,4769254,31.1449,-103.38459,-0.712,1.25,42,8,384,10,25,37,1.6,1.77,-1,-1,-1,31.1381,-103.45934,1.119,2017-02-25 04:47:32.099,
41,texnet2017eaib,2017,2,27,2,12,38.75,4932759,31.10293,-103.44362,8.336,1.12,49,8,384,5,5,25,1.02,1.07,-1,-1,-1,31.10182,-103.48988,6.209,2017-02-27 02:12:38.750,
42,texnet2017eaiw,2017,2,27,2,38,13.339,4934293,31.20931,-103.4968,7.872,1.37,55,7,491,4,7,18,0.57,0.81,-1,-1,-1,31.15285,-103.55676,6.054,2017-02-27 02:38:13.339,
43,texnet2017eakf,2017,2,27,3,19,1.817,4936741,31.20879,-103.49766,6.258,1.2,57,7,491,10,24,39,0.64,1.25,-1,-1,-1,31.16204,-103.54391,3.072,2017-02-27 03:19:01.817,
44,texnet2017eaou,2017,2,27,5,36,25.506,4944985,31.15822,-103.48483,4.987,2.11,101,10,256,15,46,75,0.5,3.16,-1,-1,-1,31.12527,-103.52144,3.484,2017-02-27 05:36:25.506,
45,texnet2017eauk,2017,2,27,8,27,10.861,4955230,31.35592,-103.59148,15.235,2.42,102,9,306,10,30,41,0.83,1.3,-1,-1,-1,31.26038,-103.62535,7.083,2017-02-27 08:27:10.861,
46,texnet2017ebhn,2017,2,27,15,4,41.259,4979081,31.1767,-103.51963,4.622,1.57,33,12,205,39,84,169,0.45,0.45,-1,-1,-1,31.15928,-103.53641,2.969,2017-02-27 15:04:41.259,
47,texnet2017ebsx,2017,2,27,20,50,13.838,4999811,31.02444,-103.3724,9.077,1.17,37,8,384,4,8,16,1.62,2.11,-1,-1,-1,31.00609,-103.36167,6.209,2017-02-27 20:50:13.838,
48,texnet2017eclx,2017,2,28,6,26,2.637,5034362,31.14336,-103.51417,1.436,2.17,53,10,256,20,67,100,0.34,2.56,-1,-1,-1,31.11239,-103.50111,6.054,2017-02-28 06:26:02.637,
49,texnet2017edgt,2017,2,28,16,58,4.079,5072284,31.07935,-103.53882,-2.359,1.42,31,20,137,3,4,15,0.43,1.44,-1,-1,-1,31.0862,-103.5038,4.666,2017-02-28 16:58:04.079,
50,texnet2017eeio,2017,3,1,7,0,7.677,5122807,31.14974,-103.50674,4.79,1.34,43,12,205,65,139,310,0.36,0.65,-1,-1,-1,31.1317,-103.51822,3.072,2017-03-01 07:00:07.677,
51,texnet2017egil,2017,3,2,9,13,17.469,5217197,31.15335,-103.51044,3.906,1.89,84,12,205,66,165,289,0.24,1.49,-1,-1,-1,31.14365,-103.52357,5.54,2017-03-02 09:13:17.469,
52,texnet2017egps,2017,3,2,12,55,2.03,5230501,31.16911,-103.52107,4.559,1.42,94,12,205,83,249,338,0.28,0.56,-1,-1,-1,31.15101,-103.53213,2.764,2017-03-02 12:55:02.030,
53,texnet2017ehte,2017,3,3,3,46,24.921,5283984,31.34999,-103.49667,5.943,1.73,110,11,217,18,53,70,0.39,0.59,-1,-1,-1,31.33114,-103.46879,3.072,2017-03-03 03:46:24.921,
54,texnet2017ejcv,2017,3,3,21,47,43.891,5348863,31.45188,-103.57771,4.369,2.39,82,29,73,21,74,72,0.05,0.4,-1,-1,-1,31.43457,-103.61849,1.89,2017-03-03 21:47:43.891,
55,texnet2017ejdk,2017,3,3,22,5,34.784,5349935,31.45375,-103.58062,4.527,1.17,75,29,73,35,135,123,0.14,0.36,-1,-1,-1,31.45112,-103.58413,3.124,2017-03-03 22:05:34.784,
56,texnet2017ejyh,2017,3,4,8,38,38.86,5387918,31.23817,-103.50409,12.252,1.65,79,31,70,17,48,70,0.87,1.63,-1,-1,-1,31.23462,-103.4571,3.175,2017-03-04 08:38:38.860,
57,texnet2017ekxg,2017,3,4,21,14,41.371,5433281,31.4011,-103.49098,-1.03,1.37,60,9,306,45,138,181,0.19,0.57,-1,-1,-1,31.41205,-103.49877,1.838,2017-03-04 21:14:41.371,
58,texnet2017elme,2017,3,5,4,48,26.975,5460506,31.40302,-103.49184,-0.961,1.67,64,9,306,31,113,115,0.29,0.69,-1,-1,-1,31.40558,-103.44725,3.381,2017-03-05 04:48:26.975,
59,texnet2017emqo,2017,3,5,20,8,33.504,5515713,31.1365,-103.49307,3.845,1.63,59,12,205,41,112,205,0.29,0.35,-1,-1,-1,31.12067,-103.50966,5.54,2017-03-05 20:08:33.504,
60,texnet2017enwh,2017,3,6,12,10,24.547,5573424,31.139,-103.49461,3.502,2,65,12,205,62,183,303,0.3,0.39,-1,-1,-1,31.11699,-103.51074,5.026,2017-03-06 12:10:24.547,
61,texnet2017enyb,2017,3,6,13,3,45.628,5576625,31.13779,-103.49495,3.076,1.97,58,12,205,95,271,433,0.37,0.47,-1,-1,-1,31.12251,-103.50538,4.512,2017-03-06 13:03:45.628,
62,texnet2017enza,2017,3,6,13,33,31.968,5578410,31.18707,-103.36144,7.582,1.7,63,28,74,12,44,38,0.87,1.51,-1,-1,-1,31.1881,-103.36985,1.89,2017-03-06 13:33:31.968,
63,texnet2017epjr,2017,3,7,8,4,13.664,5645053,31.12245,-103.30556,8.402,1.74,90,7,491,80,287,272,0.76,1.76,-1,-1,-1,31.13593,-103.2506,3.381,2017-03-07 08:04:13.664,
64,texnet2017eqtt,2017,3,8,2,18,43.98,5710724,31.11244,-103.47673,-2.758,1.25,91,16,154,25,80,98,0.73,1.19,-1,-1,-1,31.11423,-103.49575,4.203,2017-03-08 02:18:43.980,
65,texnet2017etuh,2017,3,9,17,58,24.429,5853503,31.12543,-103.4256,9.517,1.39,87,8,384,16,25,77,1.15,1.07,-1,-1,-1,31.11467,-103.46846,2.712,2017-03-09 17:58:24.429,
66,texnet2017eukt,2017,3,10,2,18,2.206,5883481,31.12908,-103.46916,1.692,1.35,95,16,154,36,102,177,0.5,0.51,-1,-1,-1,31.10503,-103.47864,3.792,2017-03-10 02:18:02.206,
67,texnet2017eumb,2017,3,10,2,57,48.463,5885868,31.20848,-103.49829,7.055,1.12,68,7,491,3,11,8,0.19,0.78,-1,-1,-1,31.17123,-103.55461,9.654,2017-03-10 02:57:48.463,
68,texnet2017eutf,2017,3,10,6,33,35.902,5898815,31.22046,-103.56417,3.489,1.24,76,11,217,18,45,75,0.75,0.69,-1,-1,-1,31.21811,-103.5589,3.175,2017-03-10 06:33:35.902,
69,texnet2017euuz,2017,3,10,7,27,31.55,5902050,31.11792,-103.28755,2.55,2.47,81,8,384,106,442,374,1.13,1.56,-1,-1,-1,31.11673,-103.29347,3.689,2017-03-10 07:27:31.550,
70,texnet2017evep,2017,3,10,12,18,51.096,5919532,31.0638,-103.39149,9.196,1.19,88,51,25,5,8,23,0.14,0.56,-1,-1,-1,31.0278,-103.45946,6.054,2017-03-10 12:18:51.096,
71,texnet2017fciy,2017,3,14,10,27,40.079,6258459,31.45243,-103.49087,9.705,1.2,104,4,1059,20,53,74,0.54,1.51,-1,-1,-1,31.38999,-103.50737,4.075,2017-03-14 10:27:40.079,
72,texnet2017fcup,2017,3,14,16,21,13.545,6279673,31.13344,-103.48645,-2.177,1.28,83,16,154,37,106,181,0.99,0.97,-1,-1,-1,31.09677,-103.5054,5.849,2017-03-14 16:21:13.545,
73,texnet2017fdkf,2017,3,15,0,15,35.939,6308136,31.13152,-103.47139,2.201,1.09,74,16,154,14,30,63,0.39,0.91,-1,-1,-1,31.06321,-103.49205,5.797,2017-03-15 00:15:35.939,
74,texnet2017fhgt,2017,3,17,3,2,22.955,6490942,31.13983,-103.49529,3.468,2.05,134,12,205,82,200,415,0.19,0.35,-1,-1,-1,31.12159,-103.5118,5.437,2017-03-17 03:02:22.955,
75,texnet2017fhjr,2017,3,17,4,32,36.602,6496356,31.13997,-103.49549,3.405,1.49,123,12,205,99,304,477,0.26,0.33,-1,-1,-1,31.12067,-103.51395,3.278,2017-03-17 04:32:36.602,
76,texnet2017fhsl,2017,3,17,8,56,36.76,6512196,31.39883,-103.47626,4.048,1.6,112,36,45,11,45,36,0.23,0.48,-1,-1,-1,31.43685,-103.47513,1.221,2017-03-17 08:56:36.760,
77,texnet2017fhui,2017,3,17,9,53,59.917,6515640,31.40571,-103.49715,0.24,1.31,121,9,306,56,197,216,0.37,0.88,-1,-1,-1,31.4286,-103.51916,1.119,2017-03-17 09:53:59.917,
78,texnet2017fhzu,2017,3,17,12,40,17.97,6525617,31.15343,-103.40414,4.166,1.73,111,55,19,3,9,12,0.22,0.23,-1,-1,-1,31.13891,-103.36085,3.998,2017-03-17 12:40:17.970,
79,texnet2017fjch,2017,3,18,3,3,12.051,6577391,31.40325,-103.47854,4.361,2.83,103,36,45,21,92,77,0.19,0.38,-1,-1,-1,31.41387,-103.46764,2.558,2017-03-18 03:03:12.051,
80,texnet2017fjcn,2017,3,18,3,10,14.997,6577815,31.40322,-103.47848,4.565,1.55,98,36,45,19,67,72,0.14,0.23,-1,-1,-1,31.40285,-103.49126,2.558,2017-03-18 03:10:14.997,
81,texnet2017fjtj,2017,3,18,11,41,20.599,6608479,31.05891,-103.41516,3.908,1.26,139,10,256,1,1,6,0.1,0.21,-1,-1,-1,31.05021,-103.36158,5.797,2017-03-18 11:41:20.599,
82,texnet2017fldz,2017,3,19,6,10,34.14,6675034,31.08002,-103.242,0.174,1.26,115,7,491,21,57,86,0.94,1.26,-1,-1,-1,31.06667,-103.31447,1.89,2017-03-19 06:10:34.140,
83,texnet2017fmdu,2017,3,19,19,13,18.223,6721998,31.42772,-103.52962,1.326,1.28,109,9,306,6,16,22,0.15,0.82,-1,-1,-1,31.43963,-103.5299,4.512,2017-03-19 19:13:18.223,
84,texnet2017fmld,2017,3,19,22,56,45.165,6735405,31.14082,-103.49863,2.576,1.55,92,12,205,47,129,211,0.18,0.38,-1,-1,-1,31.12434,-103.50538,5.643,2017-03-19 22:56:45.165,
85,texnet2017fmlj,2017,3,19,23,3,36.045,6735815,31.14401,-103.49476,1.9,2.66,128,12,205,92,296,465,0.27,0.4,-1,-1,-1,31.12986,-103.50645,4.615,2017-03-19 23:03:36.045,
86,texnet2017fmqx,2017,3,20,1,51,16.791,6745876,31.42755,-103.53368,1.482,1.1,118,9,306,22,77,83,0.52,1.26,-1,-1,-1,31.45991,-103.53401,1.941,2017-03-20 01:51:16.791,
87,texnet2017fndq,2017,3,20,8,17,34.306,6769054,31.41169,-103.52334,7.793,1.96,108,4,1059,94,280,373,0.65,1.25,-1,-1,-1,31.39091,-103.50415,3.484,2017-03-20 08:17:34.306,
88,texnet2017fnmr,2017,3,20,12,50,57.644,6785457,31.14652,-103.44488,-2.935,1.3,93,8,384,13,39,53,1.26,1.39,-1,-1,-1,31.13575,-103.4436,4.512,2017-03-20 12:50:57.644,
89,texnet2017fnov,2017,3,20,13,55,48.841,6789348,31.32064,-103.50394,7.168,1.99,125,4,1059,64,194,236,0.84,1.72,-1,-1,-1,31.32059,-103.50688,1.89,2017-03-20 13:55:48.841,
90,texnet2017fnpz,2017,3,20,14,33,0.989,6791580,31.13783,-103.49303,3.726,1.35,97,12,205,67,185,297,0.34,0.65,-1,-1,-1,31.11883,-103.51288,1.941,2017-03-20 14:33:00.989,
91,texnet2017fnsy,2017,3,20,16,0,48.528,6796848,31.15206,-103.43518,-0.391,1.4,86,8,384,6,13,23,0.63,1.12,-1,-1,-1,31.12155,-103.44759,2.25,2017-03-20 16:00:48.528,
92,texnet2017fofq,2017,3,20,22,25,49.51,6819949,31.44905,-103.57327,4.877,1.22,89,29,73,2,4,8,0.01,0.57,-1,-1,-1,31.46813,-103.57179,4.203,2017-03-20 22:25:49.510,
93,texnet2017fqno,2017,3,22,4,42,6.394,6928926,31.15781,-103.49674,9.07,2.34,149,10,256,20,60,89,0.51,9.17,-1,-1,-1,31.1294,-103.50912,4.563,2017-03-22 04:42:06.394,
94,texnet2017fqnv,2017,3,22,4,50,35.976,6929436,31.15401,-103.53982,5.656,1.29,114,10,256,4,10,15,0.61,6.45,-1,-1,-1,31.16985,-103.52624,9.705,2017-03-22 04:50:35.976,
95,texnet2017fsnd,2017,3,23,6,45,32.927,7022733,31.54182,-103.66343,2.882,1.69,127,22,99,28,85,110,0.26,0.77,-1,-1,-1,31.49062,-103.65399,10.013,2017-03-23 06:45:32.927,
96,texnet2017fstw,2017,3,23,10,9,26.679,7034966,31.54125,-103.66065,2.738,2.06,130,22,99,23,75,97,0.3,0.86,-1,-1,-1,31.53934,-103.64866,4.769,2017-03-23 10:09:26.679,
97,texnet2017ftux,2017,3,23,23,49,23.838,7084162,31.41716,-103.52636,6.391,1.86,106,26,78,11,32,39,0.06,0.32,-1,-1,-1,31.43503,-103.49983,4.101,2017-03-23 23:49:23.838,
98,texnet2017fupi,2017,3,24,10,8,36.954,7121316,31.3751,-103.501,2.776,1.79,126,4,1059,73,236,243,0.39,0.74,-1,-1,-1,31.40331,-103.4918,3.741,2017-03-24 10:08:36.954,
99,texnet2017fxay,2017,3,25,18,18,24.022,7237104,31.14752,-103.44577,-3.108,1.31,120,8,384,7,21,27,0.92,1.08,-1,-1,-1,31.13672,-103.45774,3.535,2017-03-25 18:18:24.022,
100,texnet2017fxvj,2017,3,26,4,36,33.8,7274193,31.39769,-103.48532,-0.885,1.5,105,9,306,29,88,103,0.34,0.55,-1,-1,-1,31.41801,-103.47891,1.684,2017-03-26 04:36:33.800,
101,texnet2017fycc,2017,3,26,8,0,1.377,7286400,31.39728,-103.48464,-0.933,1.25,119,9,306,15,48,51,0.23,0.46,-1,-1,-1,31.44421,-103.47727,2.455,2017-03-26 08:00:01.377,
102,texnet2017fzcq,2017,3,26,21,25,58.835,7334759,31.03288,-103.62706,1.607,1.47,124,20,137,14,29,63,0.61,1.11,-1,-1,-1,31.05079,-103.65088,6.054,2017-03-26 21:25:58.835,
103,texnet2017gasr,2017,3,27,18,39,24.943,7411164,31.3621,-103.56593,2.934,1.35,153,4,1059,11,34,34,0.65,1.12,-1,-1,-1,31.36793,-103.51275,4.203,2017-03-27 18:39:24.943,
104,texnet2017gbvo,2017,3,28,9,14,48.292,7463687,31.44752,-103.60247,5.494,1.68,157,9,306,23,84,86,0.52,1,-1,-1,-1,31.42355,-103.5691,4.152,2017-03-28 09:14:48.292,
105,texnet2017gbvt,2017,3,28,9,20,13.259,7464013,31.19691,-103.82309,9.087,1.5,140,25,80,13,35,59,0.56,0.91,-1,-1,-1,31.18969,-103.87754,5.592,2017-03-28 09:20:13.259,
106,texnet2017gdqt,2017,3,29,9,5,30.811,7549530,31.20431,-103.76876,10.272,1.39,138,25,80,6,16,28,0.39,1.19,-1,-1,-1,31.16998,-103.85338,6.877,2017-03-29 09:05:30.811,
107,texnet2017gfmd,2017,3,30,9,1,5.245,7635666,31.18348,-103.49096,0.028,1.29,135,7,491,8,16,39,0.19,0.71,-1,-1,-1,31.08251,-103.48668,4.255,2017-03-30 09:01:05.245,
108,texnet2017ggbv,2017,3,30,16,57,22.874,7664243,31.04214,-103.37867,12.724,1.62,131,51,25,5,8,22,0.53,0.64,-1,-1,-1,30.97857,-103.40447,8.882,2017-03-30 16:57:22.874,
109,texnet2017ggdk,2017,3,30,17,45,5.166,7667105,31.17334,-103.36252,-0.786,2.28,171,7,491,74,293,242,0.86,1.13,-1,-1,-1,31.14716,-103.34585,3.586,2017-03-30 17:45:05.166,
110,texnet2017ggwc,2017,3,31,3,13,38.948,7701218,31.1468,-103.6373,6.148,1.43,133,45,29,7,21,30,0.39,0.41,-1,-1,-1,31.10913,-103.6825,6.003,2017-03-31 03:13:38.948,
111,texnet2017ghlo,2017,3,31,11,1,43.19,7729302,31.12065,-103.46493,0.872,1.71,143,16,154,35,104,168,0.81,0.62,-1,-1,-1,31.09215,-103.47223,4.306,2017-03-31 11:01:43.190,
112,texnet2017gill,2017,4,1,0,7,18.921,7776438,31.45418,-103.58529,4.396,1.86,159,29,73,21,76,63,0.13,0.37,-1,-1,-1,31.4525,-103.57715,6.569,2017-04-01 00:07:18.921,
113,texnet2017gkbl,2017,4,1,21,18,1.268,7852681,31.14367,-103.51417,1.43,1.37,141,10,256,10,25,42,0.36,0.95,-1,-1,-1,31.12802,-103.50752,7.083,2017-04-01 21:18:01.268,
114,texnet2017gmsi,2017,4,3,8,7,26.591,7978044,31.08756,-103.36087,3.111,1.69,161,8,384,81,308,237,2.22,1.76,-1,-1,-1,31.12005,-103.34859,9.088,2017-04-03 08:07:26.591,
115,texnet2017gocz,2017,4,4,2,37,39.993,8044662,31.09727,-103.35013,4.553,1.24,154,8,384,10,26,43,0.5,0.92,-1,-1,-1,31.01722,-103.44717,8.471,2017-04-04 02:37:39.993,
116,texnet2017goov,2017,4,4,8,36,34.598,8066192,31.13386,-103.28387,0.992,1.68,142,8,384,5,14,17,0.86,0.77,-1,-1,-1,31.1556,-103.21253,2.198,2017-04-04 08:36:34.598,
117,texnet2017gqod,2017,4,5,10,32,32.145,8159552,31.53952,-103.65646,2.76,1.45,145,22,99,14,44,57,0.4,0.59,-1,-1,-1,31.52693,-103.64811,5.232,2017-04-05 10:32:32.145,
118,texnet2017gqow,2017,4,5,10,54,19.77,8160859,31.36348,-103.50018,3.974,1.56,146,4,1059,66,250,208,0.23,0.41,-1,-1,-1,31.36425,-103.50202,3.792,2017-04-05 10:54:19.770,
119,texnet2017grog,2017,4,5,23,43,10.255,8206990,31.43477,-103.596,5.589,1.67,165,9,306,43,169,168,0.54,0.83,-1,-1,-1,31.42952,-103.60507,7.803,2017-04-05 23:43:10.255,
120,texnet2017grwd,2017,4,6,3,42,9.346,8221329,31.42456,-103.5213,4.416,1.29,176,96,3,1,3,3,0.24,0.12,-1,-1,-1,31.41205,-103.5181,4.409,2017-04-06 03:42:09.346,
121,texnet2017gsdb,2017,4,6,7,12,25.593,8233945,31.41143,-103.49758,0.107,1.05,167,9,306,42,144,157,0.31,0.6,-1,-1,-1,31.41111,-103.47623,3.689,2017-04-06 07:12:25.593,
122,texnet2017gszc,2017,4,6,18,20,15.525,8274015,31.29088,-103.60877,5.369,1.34,179,11,217,26,88,89,0.2,0.52,-1,-1,-1,31.24521,-103.62481,1.89,2017-04-06 18:20:15.525,
123,texnet2017gtur,2017,4,7,5,14,54.411,8313294,31.19408,-103.31012,6.894,1.94,164,19,145,2,6,7,0.61,0.9,-1,-1,-1,31.14028,-103.35282,7.237,2017-04-07 05:14:54.411,
124,texnet2017gujh,2017,4,7,12,37,28.481,8339848,31.59273,-103.79231,2.32,1.56,174,54,21,3,11,10,0.21,0.12,-1,-1,-1,31.59471,-103.82567,0.81,2017-04-07 12:37:28.481,
125,texnet2017guwb,2017,4,7,19,5,15.738,8363115,31.59264,-103.79217,2.404,1.39,155,54,21,2,6,7,0.01,0.18,-1,-1,-1,31.60149,-103.87464,1.89,2017-04-07 19:05:15.738,
126,texnet2017gvqu,2017,4,8,5,33,12.471,8400792,31.39896,-103.48517,3.61,1.44,166,36,45,9,28,37,0.31,0.31,-1,-1,-1,31.40285,-103.4977,2.661,2017-04-08 05:33:12.471,
127,texnet2017gvzz,2017,4,8,10,11,38.516,8417498,31.14717,-103.32112,13.314,1.25,168,7,491,11,26,42,0.46,1.06,-1,-1,-1,31.12915,-103.29933,6.62,2017-04-08 10:11:38.516,
128,texnet2017gygm,2017,4,9,15,45,31.532,8523931,31.4229,-103.56695,4.034,1.13,156,4,1059,32,100,104,0.28,0.58,-1,-1,-1,31.4139,-103.56104,2.455,2017-04-09 15:45:31.532,
129,texnet2017gyps,2017,4,9,20,24,26.402,8540667,31.1528,-103.50892,4.127,1.2,151,12,205,16,40,63,0.19,0.63,-1,-1,-1,31.15882,-103.54337,9.705,2017-04-09 20:24:26.402,
130,texnet2017gyzk,2017,4,10,1,18,42.331,8558321,31.13173,-103.28622,-3.015,2.78,172,8,384,63,234,217,1.34,1.88,-1,-1,-1,31.1475,-103.28215,0.861,2017-04-10 01:18:42.331,
131,texnet2017gyzx,2017,4,10,1,34,31.413,8559271,31.13749,-103.29864,0.914,1.79,158,8,384,38,146,127,0.75,1.63,-1,-1,-1,31.1544,-103.28587,9.756,2017-04-10 01:34:31.413,
132,texnet2017gzly,2017,4,10,7,38,40.133,8581121,31.45076,-103.32775,7.46,1.93,163,37,42,7,28,24,0.87,2.08,-1,-1,-1,31.44907,-103.32422,5.797,2017-04-10 07:38:40.133,
133,texnet2017gzrs,2017,4,10,10,33,19.537,8591598,31.12959,-103.27817,1.555,1.98,162,8,384,74,287,255,1.06,1.43,-1,-1,-1,31.12224,-103.29025,3.689,2017-04-10 10:33:19.537,
134,texnet2017gzxc,2017,4,10,13,17,35.552,8601455,31.19815,-103.82566,7.949,1.2,144,25,80,6,19,27,0.43,0.91,-1,-1,-1,31.19842,-103.87918,9.756,2017-04-10 13:17:35.552,
135,texnet2017haqb,2017,4,10,22,51,26.488,8635887,31.00196,-103.40549,12.289,1.34,152,51,25,4,5,19,0.52,0.81,-1,-1,-1,30.99147,-103.42797,10.116,2017-04-10 22:51:26.488,
136,texnet2017hbfz,2017,4,11,6,54,3.829,8664844,31.30094,-103.49319,0.864,1.19,187,11,217,2,6,7,0.96,1.14,-1,-1,-1,31.26726,-103.47475,3.329,2017-04-11 06:54:03.829,
137,texnet2017heqg,2017,4,13,3,29,48.534,8825387,31.22778,-103.48247,8.081,1.38,178,31,70,6,17,22,2.32,2.17,-1,-1,-1,31.21252,-103.41855,4.203,2017-04-13 03:29:48.534,
138,texnet2017heuc,2017,4,13,5,27,25.345,8832446,31.1017,-103.40682,6.134,1.42,177,8,384,23,67,92,1.08,1.31,-1,-1,-1,31.037,-103.46159,9.962,2017-04-13 05:27:25.345,
139,texnet2017hevo,2017,4,13,6,10,59.596,8835059,31.4123,-103.51587,5.8,1.11,175,26,78,28,85,100,0.18,0.27,-1,-1,-1,31.39275,-103.50308,1.53,2017-04-13 06:10:59.596,
140,texnet2017hfkk,2017,4,13,13,41,22.891,8862082,31.38855,-103.52088,2.061,1.61,185,4,1059,83,265,281,0.53,0.84,-1,-1,-1,31.38999,-103.51381,3.381,2017-04-13 13:41:22.891,
141,texnet2017hgtt,2017,4,14,7,33,4.335,8926384,31.17716,-103.43126,-3.617,1.12,184,16,154,6,17,23,1.18,2.31,-1,-1,-1,31.18039,-103.46144,3.895,2017-04-14 07:33:04.335,
142,texnet2017hhdv,2017,4,14,12,37,37.603,8944657,31.3987,-103.51265,3.804,1.47,198,4,1059,52,157,183,0.38,0.7,-1,-1,-1,31.36885,-103.50202,1.221,2017-04-14 12:37:37.603,
143,texnet2017hihd,2017,4,15,3,26,18.607,8997978,31.39154,-103.51624,2.448,1.62,189,4,1059,92,297,339,0.39,0.84,-1,-1,-1,31.39827,-103.52132,2.25,2017-04-15 03:26:18.607,
144,texnet2017hjdp,2017,4,15,14,47,33.539,9038852,31.18297,-103.5505,8.979,1.05,182,16,154,3,6,13,0.11,0.1,-1,-1,-1,31.19421,-103.52355,4.718,2017-04-15 14:47:33.539,
145,texnet2017hjog,2017,4,15,20,9,57.864,9058200,31.17681,-103.39355,8.396,1.05,160,8,384,1,4,2,0.03,0.03,-1,-1,-1,31.22126,-103.42122,12.173,2017-04-15 20:09:57.864,
146,texnet2017hjti,2017,4,15,22,44,18.187,9067458,31.40155,-103.48857,-0.654,1.19,173,9,306,41,144,148,0.15,0.45,-1,-1,-1,31.41481,-103.51917,1.016,2017-04-15 22:44:18.187,
147,texnet2017hkhp,2017,4,16,5,56,57.808,9093417,31.50703,-103.70316,6.225,1.57,188,22,99,35,137,136,0.21,0.38,-1,-1,-1,31.53147,-103.71154,3.689,2017-04-16 05:56:57.808,
148,texnet2017hnvh,2017,4,18,4,17,14.775,9260234,31.38103,-103.51885,-1.205,1.15,202,29,73,3,8,11,0.38,0.8,-1,-1,-1,31.39551,-103.51703,1.838,2017-04-18 04:17:14.775,
149,texnet2017hnwk,2017,4,18,4,50,38.192,9262238,31.20496,-103.25353,6.141,1.52,193,28,74,17,61,48,0.77,1.43,-1,-1,-1,31.12551,-103.32074,3.535,2017-04-18 04:50:38.192,
150,texnet2017hnxz,2017,4,18,5,38,0.933,9265081,31.0501,-103.34377,5.778,1.33,196,8,384,29,61,127,0.99,1.15,-1,-1,-1,31.04286,-103.36373,9.294,2017-04-18 05:38:00.933,
151,texnet2017hohx,2017,4,18,10,38,55.037,9283134,31.40641,-103.51879,2.002,1.46,197,93,3,2,7,8,0.19,0.11,-1,-1,-1,31.42354,-103.51111,1.89,2017-04-18 10:38:55.037,
152,texnet2017hohz,2017,4,18,10,39,38.75,9283178,31.41719,-103.52251,6.34,1.88,194,26,78,23,91,89,0.24,0.52,-1,-1,-1,31.40746,-103.51273,2.25,2017-04-18 10:39:38.750,
153,texnet2017hpkl,2017,4,19,1,3,46.439,9335026,31.39129,-103.53006,6.077,1.46,212,4,1059,111,405,386,0.7,1.79,-1,-1,-1,31.38356,-103.50952,2.455,2017-04-19 01:03:46.439,
154,texnet2017hqgr,2017,4,19,12,18,6.215,9375486,31.12733,-103.46682,1.999,2.66,203,16,154,38,162,160,0.94,0.8,-1,-1,-1,31.09401,-103.4947,8.831,2017-04-19 12:18:06.215,
155,texnet2017hsgb,2017,4,20,14,15,44.001,9468945,31.18031,-103.39486,7.591,1.73,183,8,384,21,67,76,1.57,1.78,-1,-1,-1,31.2267,-103.36549,7.854,2017-04-20 14:15:44.001,
156,texnet2017htfs,2017,4,21,3,13,45.927,9515626,31.05739,-103.37381,4.359,1.2,206,8,384,22,51,98,0.81,1,-1,-1,-1,31.00159,-103.44399,5.9,2017-04-21 03:13:45.927,
157,texnet2017htgx,2017,4,21,3,50,53.052,9517853,31.20368,-103.25226,6.451,1.7,214,28,74,16,63,50,0.56,0.94,-1,-1,-1,31.11904,-103.29828,5.489,2017-04-21 03:50:53.052,
158,texnet2017htju,2017,4,21,5,16,33.418,9522993,31.43714,-103.60289,5.333,1.82,241,9,306,35,125,136,0.35,0.57,-1,-1,-1,31.43596,-103.58252,3.484,2017-04-21 05:16:33.418,
159,texnet2017hvsc,2017,4,22,11,44,28.046,9632668,31.13873,-103.27475,3.906,2.11,223,19,145,40,163,141,0.68,2.15,-1,-1,-1,31.13096,-103.28862,6.826,2017-04-22 11:44:28.046,
160,texnet2017hwnk,2017,4,22,22,31,12.451,9671472,31.29222,-103.60505,5.706,1.62,209,11,217,63,240,229,0.22,0.38,-1,-1,-1,31.29164,-103.6168,5.437,2017-04-22 22:31:12.451,
161,texnet2017hxme,2017,4,23,11,1,37.986,9716498,31.08569,-103.23905,2.791,1.51,199,7,491,31,95,119,0.85,1.3,-1,-1,-1,31.0598,-103.32786,4.82,2017-04-23 11:01:37.986,
162,texnet2017hxur,2017,4,23,15,19,49.195,9731989,31.4427,-103.46201,9.99,1.38,200,4,1059,30,89,100,0.8,0.8,-1,-1,-1,31.38354,-103.4784,1.427,2017-04-23 15:19:49.195,
163,texnet2017hxvc,2017,4,23,15,34,7.274,9732848,31.44184,-103.46219,9.855,1.02,207,4,1059,13,43,41,0.94,0.88,-1,-1,-1,31.39918,-103.50093,2.25,2017-04-23 15:34:07.274,
164,texnet2017hzlm,2017,4,24,12,55,18.353,9809719,31.1115,-103.47483,-2.719,1.81,191,16,154,30,72,145,0.54,0.78,-1,-1,-1,31.10412,-103.4979,5.952,2017-04-24 12:55:18.353,
165,texnet2017iawe,2017,4,25,7,29,24.873,9876564,31.13966,-103.51883,1.911,1.36,192,10,256,7,17,26,0.49,4.53,-1,-1,-1,31.10918,-103.51342,6.003,2017-04-25 07:29:24.873,
166,texnet2017idmi,2017,4,26,17,55,39.604,10000539,31.128,-103.4693,2.552,1.53,224,16,154,37,112,178,0.62,0.68,-1,-1,-1,31.08757,-103.48507,6.054,2017-04-26 17:55:39.604,
167,texnet2017ieke,2017,4,27,5,57,55.582,10043877,31.14579,-103.41039,-13.502,1.09,205,16,154,2,5,7,0.87,2.42,-1,-1,-1,31.10964,-103.50111,1.941,2017-04-27 05:57:55.582,
168,texnet2017ifpw,2017,4,27,21,58,30.846,10101510,31.36233,-103.56725,2.924,1.78,210,4,1059,27,88,94,0.66,1.43,-1,-1,-1,31.38632,-103.5385,0.707,2017-04-27 21:58:30.846,
169,texnet2017imxr,2017,5,1,21,52,48.703,10446766,31.07667,-103.3533,-2.193,3.16,232,8,384,74,297,256,2.82,2.62,-1,-1,-1,31.11081,-103.32506,5.18,2017-05-01 21:52:48.703,
170,texnet2017iprg,2017,5,3,10,3,3.525,10576983,31.4057,-103.49675,0.292,1.13,217,9,306,8,27,23,0.32,0.42,-1,-1,-1,31.44054,-103.49875,1.633,2017-05-03 10:03:03.525,
171,texnet2017iptl,2017,5,3,11,8,40.203,10580920,31.12616,-103.46692,1.831,1.48,239,16,154,43,129,208,0.69,0.65,-1,-1,-1,31.09309,-103.49149,6.054,2017-05-03 11:08:40.203,
172,texnet2017ipzp,2017,5,3,14,15,14.51,10592115,31.1319,-103.4673,2.702,1.53,230,16,154,29,76,126,0.67,0.65,-1,-1,-1,31.04483,-103.48778,8.882,2017-05-03 14:15:14.510,
173,texnet2017iqbe,2017,5,3,15,3,28.549,10595010,31.09935,-103.41189,9.073,1.23,220,8,384,16,45,58,0.95,1.25,-1,-1,-1,31.05032,-103.46211,7.648,2017-05-03 15:03:28.549,
174,texnet2017iqeo,2017,5,3,16,46,20.533,10601180,32.08831,-103.02373,2.998,2.68,249,106,2,1,15,5,0.01,0.43,-1,-1,-1,32.10663,-103.02818,2.079,2017-05-03 16:46:20.533,
175,texnet2017iqgo,2017,5,3,17,47,21.914,10604841,32.08741,-103.02512,3.092,2.52,261,106,2,1,15,5,0.01,0.43,-1,-1,-1,32.06909,-103.02067,4.011,2017-05-03 17:47:21.914,
176,texnet2017irhb,2017,5,4,7,9,46.968,10652985,31.03882,-103.49182,2.917,2.07,219,20,137,7,23,25,1.23,1.65,-1,-1,-1,31.10044,-103.49362,5.952,2017-05-04 07:09:46.968,
177,texnet2017irri,2017,5,4,12,21,42.995,10671703,31.17456,-103.29387,7.214,2.43,233,7,491,118,512,434,0.62,1.08,-1,-1,-1,31.14706,-103.29446,4.306,2017-05-04 12:21:42.995,
178,texnet2017irxv,2017,5,4,15,38,30.181,10683511,31.19914,-103.25623,7.103,2.12,221,28,74,26,98,107,0.89,1.45,-1,-1,-1,31.18604,-103.25633,9.705,2017-05-04 15:38:30.181,
179,texnet2017iscf,2017,5,4,17,50,40.701,10691440,31.35559,-103.58769,15.839,1.37,213,9,306,2,6,9,0.05,0.19,-1,-1,-1,31.27233,-103.62536,8.625,2017-05-04 17:50:40.701,
180,texnet2017isrk,2017,5,5,1,31,51.883,10719111,30.99618,-103.44543,7.518,1.14,215,101,2,1,3,3,0.39,0.01,-1,-1,-1,31.00436,-103.45574,3.946,2017-05-05 01:31:51.883,
181,texnet2017itvm,2017,5,5,16,44,28.645,10773869,31.47533,-103.60035,8.647,1.07,211,22,99,2,6,6,0.13,0.14,-1,-1,-1,31.47499,-103.6529,9.911,2017-05-05 16:44:28.645,
182,texnet2017ixgv,2017,5,7,13,53,16.854,10936396,31.12046,-103.46142,2.893,1.49,244,16,154,19,53,74,0.4,0.93,-1,-1,-1,31.07424,-103.48134,5.592,2017-05-07 13:53:16.854,
183,texnet2017izck,2017,5,8,13,53,29.143,11022809,31.44824,-103.5723,4.622,1.5,242,29,73,24,79,92,0.05,0.49,-1,-1,-1,31.42217,-103.57178,2.455,2017-05-08 13:53:29.143,
184,texnet2017jalu,2017,5,9,7,47,6.014,11087227,31.08693,-103.23893,2.615,1.4,229,7,491,2,5,7,0.57,1.55,-1,-1,-1,31.0148,-103.35149,6.98,2017-05-09 07:47:06.014,
185,texnet2017jbuj,2017,5,10,1,14,44.746,11150084,31.41615,-103.49524,-0.67,1.39,222,9,306,16,42,58,0.1,0.86,-1,-1,-1,31.42491,-103.4891,1.735,2017-05-10 01:14:44.746,
186,texnet2017jcea,2017,5,10,6,7,12.805,11167631,31.13426,-103.31668,6.889,1.04,231,7,491,3,10,9,0.37,0.84,-1,-1,-1,31.17872,-103.2692,2.095,2017-05-10 06:07:12.805,
187,texnet2017jcjc,2017,5,10,8,41,26.995,11176886,31.35064,-103.53522,-2.567,1.37,235,9,306,5,15,17,1.1,0.84,-1,-1,-1,31.36597,-103.5008,4.615,2017-05-10 08:41:26.995,
188,texnet2017jdwq,2017,5,11,4,40,25.395,11248825,31.16457,-103.29296,-1.168,1.6,251,8,384,41,145,141,0.85,1.2,-1,-1,-1,31.13883,-103.31375,4.306,2017-05-11 04:40:25.395,
189,texnet2017jgxp,2017,5,12,20,33,42.483,11392424,31.10083,-103.4128,9.012,1.62,236,8,384,27,84,103,1.04,1.3,-1,-1,-1,31.04113,-103.45356,6.62,2017-05-12 20:33:42.483,
190,texnet2017jgzv,2017,5,12,21,41,6.243,11396467,31.1842,-103.66212,6.439,1.23,225,25,80,9,9,45,0.09,0.43,-1,-1,-1,31.21802,-103.71211,9.962,2017-05-12 21:41:06.243,
191,texnet2017jhgx,2017,5,13,1,16,56.443,11409416,31.18619,-103.66223,6.444,2.05,238,25,80,22,86,79,0.47,0.86,-1,-1,-1,31.201,-103.72547,9.088,2017-05-13 01:16:56.443,
192,texnet2017jhit,2017,5,13,2,12,51.683,11412771,31.18614,-103.66203,6.439,2.33,226,25,80,14,62,46,0.42,1.29,-1,-1,-1,31.16105,-103.70131,2.558,2017-05-13 02:12:51.683,
193,texnet2017jnet,2017,5,16,6,59,35.716,11689176,31.20546,-103.85569,6.502,1.53,269,24,84,10,18,46,0.54,1.07,-1,-1,-1,31.21405,-103.87709,6.157,2017-05-16 06:59:35.716,
194,texnet2017joqk,2017,5,17,2,0,22.645,11757622,31.4541,-103.58516,4.549,1.6,259,29,73,22,87,68,0.16,0.71,-1,-1,-1,31.44975,-103.58467,5.746,2017-05-17 02:00:22.645,
195,texnet2017jpwn,2017,5,17,18,14,28.634,11816068,31.37492,-103.4576,3.818,2.31,320,36,45,23,106,89,0.28,0.58,-1,-1,-1,31.40741,-103.44617,2.352,2017-05-17 18:14:28.634,
196,texnet2017jrcq,2017,5,18,10,28,19.39,11874500,31.33418,-103.51354,5.23,1.9,247,98,3,1,4,5,0,0.01,-1,-1,-1,31.31692,-103.51331,8.265,2017-05-18 10:28:19.390,
197,texnet2017jrej,2017,5,18,11,20,56.305,11877655,31.33435,-103.51415,5.148,1.71,279,98,3,2,6,9,0.02,0.05,-1,-1,-1,31.33575,-103.49453,2.25,2017-05-18 11:20:56.305,
198,texnet2017jsah,2017,5,18,22,25,16.172,11917515,31.39815,-103.47207,4.469,2.02,262,36,45,16,60,55,0.23,0.69,-1,-1,-1,31.37159,-103.47841,1.016,2017-05-18 22:25:16.172,
199,texnet2017jtgj,2017,5,19,14,37,13.473,11975833,31.14957,-103.32028,12.665,1.78,277,7,491,61,225,189,0.73,1.16,-1,-1,-1,31.11445,-103.30151,6.003,2017-05-19 14:37:13.473,
200,texnet2017junt,2017,5,20,7,28,57.641,12036538,31.16368,-103.6224,2.436,1.17,258,31,70,1,5,3,0.26,0.22,-1,-1,-1,31.18176,-103.66653,10.013,2017-05-20 07:28:57.641,
201,texnet2017jusu,2017,5,20,10,1,56.45,12045715,31.43301,-103.59453,5.517,1.13,256,9,306,12,27,52,0.18,0.43,-1,-1,-1,31.47181,-103.54063,4.409,2017-05-20 10:01:56.450,
202,texnet2017jwoh,2017,5,21,10,2,3.943,12132123,31.40785,-103.4938,-0.184,2.26,297,9,306,28,113,106,0.39,0.59,-1,-1,-1,31.37988,-103.50953,3.484,2017-05-21 10:02:03.943,
203,texnet2017jwsf,2017,5,21,12,0,30.519,12139231,31.41021,-103.49823,0.096,1.42,264,9,306,42,95,177,0.2,0.54,-1,-1,-1,31.40378,-103.51703,1.941,2017-05-21 12:00:30.519,
204,texnet2017jzel,2017,5,22,20,28,57.332,12256136,31.11854,-103.32247,8.743,1.55,266,8,384,61,187,224,1.14,1,-1,-1,-1,31.12746,-103.33559,13.253,2017-05-22 20:28:57.332,
205,texnet2017jzwg,2017,5,23,5,27,40.296,12288459,31.3653,-103.56981,3.594,2.34,272,4,1059,39,134,146,0.68,1.5,-1,-1,-1,31.42677,-103.54386,3.175,2017-05-23 05:27:40.296,
206,texnet2017kcvl,2017,5,24,20,28,18.569,12428900,31.07445,-103.39901,4.725,1.41,252,8,384,27,82,99,0.74,1.23,-1,-1,-1,31.00023,-103.45735,9.345,2017-05-24 20:28:18.569,
207,texnet2017kdon,2017,5,25,6,5,49.293,12463548,31.439,-103.6048,5.499,1.41,280,9,306,20,57,79,0.56,0.74,-1,-1,-1,31.45802,-103.58145,3.381,2017-05-25 06:05:49.293,
208,texnet2017keyi,2017,5,26,0,12,14.452,12528733,31.16489,-103.42681,4.614,1.68,271,10,256,1,3,4,0.02,0.03,-1,-1,-1,31.15724,-103.32762,9.139,2017-05-26 00:12:14.452,
209,texnet2017kfav,2017,5,26,1,28,2.952,12533283,31.1405,-103.31733,11.169,1.67,276,121,2,1,3,3,0,0.01,-1,-1,-1,31.13621,-103.31757,12.79,2017-05-26 01:28:02.952,
210,texnet2017kfxu,2017,5,26,13,3,59.261,12575038,31.12779,-103.32211,4.576,1.86,284,28,74,12,40,40,0.86,1.28,-1,-1,-1,31.22417,-103.24924,8.934,2017-05-26 13:03:59.261,
211,texnet2017kgvj,2017,5,27,0,58,41.411,12617920,31.12834,-103.32475,5.079,1.66,270,28,74,27,75,103,1,1.4,-1,-1,-1,31.19896,-103.27557,11.762,2017-05-27 00:58:41.411,
212,texnet2017kidj,2017,5,27,18,8,49.441,12679730,31.03043,-103.42931,18.265,1.42,275,51,25,2,3,10,0.35,0.38,-1,-1,-1,30.98233,-103.49852,9.911,2017-05-27 18:08:49.441,
213,texnet2017kita,2017,5,28,2,5,31.024,12708331,31.4142,-103.50487,0.807,1.37,268,9,306,24,64,91,0.2,0.28,-1,-1,-1,31.38815,-103.51703,3.586,2017-05-28 02:05:31.024,
214,texnet2017kjmz,2017,5,28,12,7,55.438,12744474,31.31427,-103.53671,-6.301,1.58,287,9,306,2,7,6,0.44,1.03,-1,-1,-1,31.32748,-103.49561,1.941,2017-05-28 12:07:55.438,
215,texnet2017kmdf,2017,5,29,22,38,32.532,12868714,31.01914,-103.40908,7.883,1.6,267,8,384,24,61,101,0.93,1.02,-1,-1,-1,30.97907,-103.44669,9.962,2017-05-29 22:38:32.532,
216,texnet2017knnv,2017,5,30,17,6,16.862,12935176,31.07539,-103.4835,5.694,1.7,286,10,256,8,17,34,0.54,4.24,-1,-1,-1,31.04526,-103.44661,9.345,2017-05-30 17:06:16.862,
217,texnet2017kqbf,2017,6,1,2,8,55.428,13054136,31.48984,-103.53871,10.454,2.06,325,9,306,6,21,21,0.99,1.2,-1,-1,-1,31.44653,-103.57662,3.432,2017-06-01 02:08:55.428,
218,texnet2017kqdf,2017,6,1,3,9,27.617,13057767,31.39023,-103.5282,6.129,2.09,307,4,1059,134,459,509,0.62,0.91,-1,-1,-1,31.38907,-103.49664,4.101,2017-06-01 03:09:27.617,
219,texnet2017ksmw,2017,6,2,10,18,22.064,13169901,31.43587,-103.5976,5.503,1.29,283,9,306,18,34,79,0.52,0.58,-1,-1,-1,31.4525,-103.56319,6.774,2017-06-02 10:18:22.064,
220,texnet2017kwat,2017,6,4,8,44,56.929,13337096,31.43616,-103.59985,5.617,1.54,298,9,306,48,189,170,0.46,0.68,-1,-1,-1,31.4525,-103.57178,2.764,2017-06-04 08:44:56.929,
221,texnet2017kwcv,2017,6,4,9,46,32.887,13340792,31.1973,-103.36331,2.371,1.86,300,7,491,69,285,277,0.96,1.19,-1,-1,-1,31.17935,-103.35756,9.962,2017-06-04 09:46:32.887,
222,texnet2017kwzt,2017,6,4,21,22,51.777,13382570,31.37888,-103.53028,2.56,1.28,260,4,1059,10,28,33,0.24,0.46,-1,-1,-1,31.36057,-103.49773,4.203,2017-06-04 21:22:51.777,
223,texnet2017kyyk,2017,6,5,22,57,28.731,13474648,31.38297,-103.129,5.986,3.09,412,57,18,3,15,8,0.44,1.15,-1,-1,-1,31.36582,-103.12269,7.031,2017-06-05 22:57:28.731,
224,texnet2017kznc,2017,6,6,6,22,15.04,13501335,31.57223,-103.82574,8.852,1.64,292,46,28,6,18,25,0.29,0.39,-1,-1,-1,31.5721,-103.86593,5.797,2017-06-06 06:22:15.040,
225,texnet2017lbum,2017,6,7,12,23,8.688,13609388,31.03812,-103.31276,0.784,1.86,274,7,491,2,8,4,0.2,0.37,-1,-1,-1,30.99836,-103.4317,6.466,2017-06-07 12:23:08.688,
226,texnet2017lbzx,2017,6,7,15,6,39.483,13619200,31.43463,-103.59308,6.955,1.53,278,4,1059,24,75,81,0.42,0.47,-1,-1,-1,31.38356,-103.60397,3.381,2017-06-07 15:06:39.483,
227,texnet2017lfnl,2017,6,9,13,21,1.238,13785660,31.37696,-103.10069,3.5,1.93,288,57,18,5,23,11,0.3,0.66,-1,-1,-1,31.39142,-103.08392,3.329,2017-06-09 13:21:01.238,
228,texnet2017lgxq,2017,6,10,7,39,19.766,13851559,31.44883,-103.57055,4.774,1.35,281,29,73,15,46,57,0.06,0.26,-1,-1,-1,31.47502,-103.5648,4.975,2017-06-10 07:39:19.766,
229,texnet2017lhij,2017,6,10,13,4,15.824,13871056,31.08455,-103.47777,4.45,1.73,312,44,30,11,35,51,0.5,0.54,-1,-1,-1,31.05999,-103.4883,6.054,2017-06-10 13:04:15.824,
230,texnet2017liju,2017,6,11,2,55,24.445,13920924,31.08257,-103.21308,1.918,1.68,295,7,491,12,34,48,1.19,1.36,-1,-1,-1,31.1271,-103.20942,9.705,2017-06-11 02:55:24.445,
231,texnet2017loqx,2017,6,14,13,19,46.256,14217585,31.36361,-103.50085,3.922,1.84,310,4,1059,92,353,342,0.3,0.58,-1,-1,-1,31.35965,-103.5031,2.867,2017-06-14 13:19:46.256,
232,texnet2017lptt,2017,6,15,3,54,15.596,14270055,31.09531,-103.47009,3.656,2.47,384,55,19,7,23,41,0.25,0.41,-1,-1,-1,31.07562,-103.48401,6.054,2017-06-15 03:54:15.596,
233,texnet2017ltoi,2017,6,17,5,43,26.893,14449407,31.58501,-103.78871,8.251,1.64,302,27,77,19,77,73,0.21,0.42,-1,-1,-1,31.57262,-103.83744,5.746,2017-06-17 05:43:26.893,
234,texnet2017lxjl,2017,6,19,7,47,47.231,14629666,31.28595,-103.49741,4.104,1.22,293,33,54,7,19,28,0.23,0.96,-1,-1,-1,31.23647,-103.47853,3.689,2017-06-19 07:47:47.231,
235,texnet2017mayl,2017,6,21,6,46,43.688,14798803,31.50551,-103.69831,6.419,2.26,319,22,99,32,157,97,0.19,0.41,-1,-1,-1,31.50206,-103.70827,5.849,2017-06-21 06:46:43.688,
236,texnet2017mcot,2017,6,22,4,8,48.924,14875728,31.2482,-103.5608,5.308,1.5,285,10,256,21,59,84,0.12,0.5,-1,-1,-1,31.23797,-103.56229,9.756,2017-06-22 04:08:48.924,
237,texnet2017mfrv,2017,6,23,21,7,14.07,15023234,31.57783,-103.74706,7.354,2.12,332,27,77,17,66,64,0.56,0.53,-1,-1,-1,31.57727,-103.80949,2.25,2017-06-23 21:07:14.070,
238,texnet2017mked,2017,6,26,7,52,32.749,15234752,31.32862,-103.41151,1.007,1.24,305,4,1059,7,27,16,0.42,0.68,-1,-1,-1,31.30078,-103.43987,3.381,2017-06-26 07:52:32.749,
239,texnet2017mnjr,2017,6,28,2,6,40.949,15386800,31.36297,-103.50076,3.628,2.12,341,4,1059,115,505,349,0.35,0.87,-1,-1,-1,31.35965,-103.49022,3.175,2017-06-28 02:06:40.949,
240,texnet2017mpir,2017,6,29,3,50,51.086,15479450,31.08933,-103.48234,5.96,2,328,44,30,10,33,47,0.31,0.64,-1,-1,-1,31.06918,-103.48081,5.643,2017-06-29 03:50:51.086,
241,texnet2017mrak,2017,6,30,1,55,32.144,15558933,31.09838,-103.49235,4.647,1.42,303,8,384,5,14,18,0.84,1.35,-1,-1,-1,31.07977,-103.51985,6.003,2017-06-30 01:55:32.144,
242,texnet2017mvkh,2017,7,2,11,29,38.775,15766177,31.13465,-103.28273,1.526,1.84,333,8,384,27,112,96,0.73,1.26,-1,-1,-1,31.18365,-103.21939,4.923,2017-07-02 11:29:38.775,
243,texnet2017mxky,2017,7,3,14,5,2.721,15861902,31.11776,-103.29277,0.374,3.3,299,7,491,6,34,4,0.63,0.6,-1,-1,-1,31.13727,-103.234,1.787,2017-07-03 14:05:02.721,
244,texnet2017naov,2017,7,5,7,26,59.572,16010819,31.3921,-103.50163,3.551,1.23,313,4,1059,9,30,25,0.19,0.73,-1,-1,-1,31.40101,-103.48804,3.689,2017-07-05 07:26:59.572,
245,texnet2017nbsr,2017,7,5,22,32,16.477,16065137,31.1934,-103.24134,5.581,1.81,342,28,74,15,79,38,0.86,1.48,-1,-1,-1,31.1292,-103.32716,9.705,2017-07-05 22:32:16.477,
246,texnet2017ndby,2017,7,6,16,22,37.721,16129357,31.44424,-103.51066,6.269,1.32,321,9,306,2,6,6,0.04,0.22,-1,-1,-1,31.40011,-103.54494,3.484,2017-07-06 16:22:37.721,
247,texnet2017nfmd,2017,7,7,23,47,34.873,16242454,31.39144,-103.5124,2.564,1.51,301,4,1059,9,28,31,0.19,0.91,-1,-1,-1,31.38172,-103.50631,3.072,2017-07-07 23:47:34.873,
248,texnet2017ngqg,2017,7,8,14,59,45.203,16297185,31.39186,-103.51484,2.536,1.6,315,4,1059,22,75,67,0.26,0.38,-1,-1,-1,31.41757,-103.51165,4.409,2017-07-08 14:59:45.203,
249,texnet2017nhus,2017,7,9,6,22,52.581,16352573,31.16457,-103.29168,-0.187,1.57,322,8,384,29,96,103,0.73,1.34,-1,-1,-1,31.17831,-103.29009,9.345,2017-07-09 06:22:52.581,
250,texnet2017njnl,2017,7,10,4,58,58.933,16433938,31.4325,-103.48823,8.872,1.95,318,4,1059,11,27,42,0.52,0.68,-1,-1,-1,31.4203,-103.46978,4.718,2017-07-10 04:58:58.933,
251,texnet2017nmvk,2017,7,12,0,25,4.071,16590303,31.57894,-103.7635,4.68,1.73,316,27,77,7,23,21,0.15,0.33,-1,-1,-1,31.61266,-103.81012,4.975,2017-07-12 00:25:04.071,
252,texnet2017nnfu,2017,7,12,5,39,37.037,16609177,31.41543,-103.50678,1.07,1.56,329,9,306,22,75,74,0.26,0.71,-1,-1,-1,31.44055,-103.50949,3.459,2017-07-12 05:39:37.037,
253,texnet2017nngu,2017,7,12,6,9,58.1,16610998,31.44773,-103.47009,9.548,1.65,326,4,1059,15,68,27,0.92,0.94,-1,-1,-1,31.38815,-103.49879,2.764,2017-07-12 06:09:58.100,
254,texnet2017nnju,2017,7,12,7,41,17.703,16616477,31.44775,-103.46813,9.654,1.56,327,4,1059,69,187,256,0.86,1.09,-1,-1,-1,31.38262,-103.47411,1.324,2017-07-12 07:41:17.703,
255,texnet2017nnua,2017,7,12,12,51,27.686,16635089,31.05488,-103.40331,5.452,1.28,306,51,25,4,7,17,0.22,1,-1,-1,-1,30.96761,-103.4857,7.237,2017-07-12 12:51:27.686,
256,texnet2017nnwu,2017,7,12,14,15,58.538,16640159,31.0458,-103.40681,7.976,1.67,330,51,25,4,6,18,0.2,0.18,-1,-1,-1,31.00941,-103.44772,6.054,2017-07-12 14:15:58.538,
257,texnet2017nnxg,2017,7,12,14,28,50.449,16640930,31.13379,-103.47314,2.212,1.77,309,16,154,17,50,64,0.32,0.46,-1,-1,-1,31.10412,-103.49041,6.054,2017-07-12 14:28:50.449,
258,texnet2017nnxy,2017,7,12,14,50,14.39,16642213,31.13487,-103.31576,6.776,1.61,337,7,491,39,144,128,0.65,1.07,-1,-1,-1,31.15213,-103.30248,4.255,2017-07-12 14:50:14.390,
259,texnet2017npwb,2017,7,13,16,9,3.612,16733343,31.42063,-103.58352,5.369,1.23,314,4,1059,30,78,109,0.32,0.51,-1,-1,-1,31.42309,-103.57285,5.849,2017-07-13 16:09:03.612,
260,texnet2017nsjk,2017,7,15,1,10,33.496,16852233,31.20859,-103.4979,7.003,1.5,347,7,491,6,14,25,0.24,1.16,-1,-1,-1,31.15974,-103.53374,3.432,2017-07-15 01:10:33.496,
261,texnet2017ntfb,2017,7,15,12,6,59.546,16891618,31.42378,-103.52957,6.631,1.49,349,26,78,25,80,91,0.16,0.29,-1,-1,-1,31.43135,-103.49446,4.306,2017-07-15 12:06:59.546,
262,texnet2017ntox,2017,7,15,17,4,51.999,16909491,31.38874,-103.50106,2.947,1.77,340,4,1059,25,71,91,0.39,0.5,-1,-1,-1,31.38723,-103.49235,3.895,2017-07-15 17:04:51.999,
263,texnet2017nuiy,2017,7,16,3,11,39.056,16945898,31.40382,-103.49047,3.435,1.49,338,36,45,2,6,6,0.01,0.01,-1,-1,-1,31.40147,-103.48107,1.273,2017-07-16 03:11:39.056,
264,texnet2017nwmh,2017,7,17,7,9,33.403,17046573,31.39203,-103.5309,6.06,1.65,371,4,1059,93,317,350,0.66,0.94,-1,-1,-1,31.37804,-103.50953,2.455,2017-07-17 07:09:33.403,
265,texnet2017nzuo,2017,7,19,2,45,32.742,17203532,31.07924,-103.46016,6.129,1.82,353,55,19,6,20,32,0.23,0.34,-1,-1,-1,31.05539,-103.48189,5.232,2017-07-19 02:45:32.742,
266,texnet2017obpf,2017,7,20,2,19,43.396,17288382,31.40867,-103.51557,8.167,2.04,364,4,1059,27,87,95,0.62,0.98,-1,-1,-1,31.3624,-103.48056,2.969,2017-07-20 02:19:43.396,
267,texnet2017obtk,2017,7,20,4,26,53.776,17296012,31.561,-103.85389,13.078,1.16,344,27,77,2,6,6,0.64,0.67,-1,-1,-1,31.5711,-103.89497,5.9,2017-07-20 04:26:53.776,
268,texnet2017obvu,2017,7,20,5,39,7.957,17300347,31.41176,-103.5163,8.364,1.59,366,4,1059,80,250,292,0.51,0.88,-1,-1,-1,31.37344,-103.49772,1.53,2017-07-20 05:39:07.957,
269,texnet2017obxk,2017,7,20,6,28,57.708,17303337,31.3729,-103.48613,2.188,2.29,354,4,1059,42,160,122,0.47,0.72,-1,-1,-1,31.38263,-103.49343,4.203,2017-07-20 06:28:57.708,
270,texnet2017ocjx,2017,7,20,12,46,39.492,17325998,31.43342,-103.59281,5.67,1.4,345,9,306,41,122,163,0.25,0.66,-1,-1,-1,31.46262,-103.55245,6.054,2017-07-20 12:46:39.492,
271,texnet2017odzn,2017,7,21,9,48,8.538,17401688,31.31984,-103.06714,4.589,1.83,359,57,18,4,18,12,0.42,1.05,-1,-1,-1,31.27276,-103.06201,5.489,2017-07-21 09:48:08.538,
272,texnet2017ofcg,2017,7,22,0,18,17.504,17453897,31.37074,-103.48046,3.282,1.65,355,4,1059,24,62,92,0.18,0.48,-1,-1,-1,31.36332,-103.47627,1.221,2017-07-22 00:18:17.504,
273,texnet2017ofdo,2017,7,22,0,58,23.596,17456303,31.0274,-103.49924,7.608,1.21,350,55,19,2,4,9,0.24,0.57,-1,-1,-1,31.0214,-103.53003,9.756,2017-07-22 00:58:23.596,
274,texnet2017ogxp,2017,7,23,0,14,12.051,17540051,31.39176,-103.53001,6.131,2.02,363,4,1059,17,92,29,0.55,0.72,-1,-1,-1,31.36333,-103.50524,0.81,2017-07-23 00:14:12.051,
275,texnet2017oiob,2017,7,23,21,42,1.871,17617322,31.43599,-103.59501,7.221,1.2,334,4,1059,26,83,82,0.22,0.5,-1,-1,-1,31.38861,-103.60559,5.18,2017-07-23 21:42:01.871,
276,texnet2017okyf,2017,7,25,5,5,13.728,17730313,31.45178,-103.53189,-1.467,2.02,356,9,306,54,212,173,0.7,1.02,-1,-1,-1,31.44607,-103.5503,5.746,2017-07-25 05:05:13.728,
277,texnet2017olwo,2017,7,25,17,23,15.729,17774595,31.42311,-103.45115,2.044,1.34,352,4,1059,2,8,5,0.18,0.14,-1,-1,-1,31.37146,-103.43079,2.005,2017-07-25 17:23:15.729,
278,texnet2017olzr,2017,7,25,18,58,21.227,17780301,31.42095,-103.53772,5.89,1.68,377,4,1059,60,183,228,0.45,0.77,-1,-1,-1,31.38816,-103.55031,2.455,2017-07-25 18:58:21.227,
279,texnet2017onrv,2017,7,26,17,16,20.058,17860581,31.17059,-103.35973,-0.799,1.89,373,7,491,63,197,234,0.8,1.45,-1,-1,-1,31.16827,-103.3276,7.494,2017-07-26 17:16:20.058,
280,texnet2017opeo,2017,7,27,12,50,22.925,17931022,31.07701,-103.3555,6.197,2.01,362,8,384,45,141,156,1.41,1.44,-1,-1,-1,31.05295,-103.3498,3.844,2017-07-27 12:50:22.925,
281,texnet2017osax,2017,7,29,2,25,21.851,18066321,31.23675,-103.55766,12.375,1.53,343,11,217,2,7,6,0.54,0.58,-1,-1,-1,31.24385,-103.55354,9.345,2017-07-29 02:25:21.851,
282,texnet2017osmy,2017,7,29,8,29,0.428,18088140,31.54197,-103.66338,2.931,1.42,358,22,99,23,72,88,0.29,0.8,-1,-1,-1,31.55359,-103.64706,3.175,2017-07-29 08:29:00.428,
283,texnet2017ovii,2017,7,30,21,34,37.485,18221677,31.4035,-103.55706,2.496,1.58,351,4,1059,40,122,156,0.26,0.46,-1,-1,-1,31.36518,-103.54065,3.895,2017-07-30 21:34:37.485,
284,texnet2017ozze,2017,8,2,10,37,49.866,18441469,31.37336,-103.48432,5.325,1.25,357,92,3,2,4,8,0.27,0.14,-1,-1,-1,31.38078,-103.46874,4.409,2017-08-02 10:37:49.866,
285,texnet2017pasd,2017,8,2,20,11,47.752,18475908,31.11817,-103.28992,1.149,2.27,389,7,491,61,191,271,1.04,1.58,-1,-1,-1,31.08088,-103.29572,6.054,2017-08-02 20:11:47.752,
286,texnet2017pbwk,2017,8,3,11,30,30.467,18531029,31.09592,-103.29474,14.813,1.29,365,8,384,32,80,128,1.04,1.23,-1,-1,-1,31.1204,-103.29346,10.888,2017-08-03 11:30:30.467,
287,texnet2017pcyz,2017,8,4,1,55,54.672,18582955,31.04271,-103.3804,3.541,1.18,361,8,384,30,70,123,0.74,1.07,-1,-1,-1,30.97719,-103.40608,8.111,2017-08-04 01:55:54.672,
288,texnet2017pecz,2017,8,4,17,5,36.482,18637536,31.13323,-103.23183,3.622,2.84,393,7,491,104,454,409,0.76,1.49,-1,-1,-1,31.15891,-103.24731,6.26,2017-08-04 17:05:36.482,
289,texnet2017pfar,2017,8,5,5,2,58.625,18680577,31.41693,-103.52145,6.35,1.53,381,26,78,11,51,44,0.19,0.88,-1,-1,-1,31.37897,-103.54387,2.25,2017-08-05 05:02:58.625,
290,texnet2017pfgy,2017,8,5,8,13,25.41,18692005,31.40063,-103.55329,2.33,1.82,376,4,1059,108,410,444,0.34,0.84,-1,-1,-1,31.37805,-103.55138,2.867,2017-08-05 08:13:25.410,
291,texnet2017pgtr,2017,8,6,3,48,6.736,18762486,31.4143,-103.51785,5.676,1.51,372,26,78,18,66,58,0.27,0.23,-1,-1,-1,31.40745,-103.49663,2.867,2017-08-06 03:48:06.736,
292,texnet2017plzo,2017,8,9,0,26,35.895,19009595,31.41917,-103.52362,6.538,1.72,368,26,78,21,89,78,0.15,0.69,-1,-1,-1,31.39734,-103.50952,3.278,2017-08-09 00:26:35.895,
293,texnet2017pmng,2017,8,9,7,23,31.443,19034611,31.29321,-103.60876,5.458,1.29,394,11,217,65,213,284,0.28,0.44,-1,-1,-1,31.27831,-103.60768,4.975,2017-08-09 07:23:31.443,
294,texnet2017pokt,2017,8,10,8,22,24.322,19124542,31.05397,-103.4598,0.256,1.13,375,10,256,4,7,19,0.31,0.47,-1,-1,-1,31.05577,-103.39151,1.89,2017-08-10 08:22:24.322,
295,texnet2017ppqg,2017,8,11,0,16,49.336,19181809,31.10475,-103.30349,-0.975,1.88,385,7,491,39,112,159,0.8,1.28,-1,-1,-1,31.09658,-103.33098,6.157,2017-08-11 00:16:49.336,
296,texnet2017puec,2017,8,13,11,50,27.142,19396226,31.21169,-103.48958,-1,1.59,370,31,70,1,4,3,0.41,0.95,-1,-1,-1,31.17123,-103.52998,1.941,2017-08-13 11:50:27.142,
297,texnet2017pvek,2017,8,14,1,6,52.663,19444012,31.67317,-104.49935,5.538,1.61,396,5,1023,80,242,310,0.28,0.45,-1,-1,-1,31.64703,-104.52875,5.453,2017-08-14 01:06:52.663,
298,texnet2017pvnl,2017,8,14,5,40,55.614,19460455,31.67307,-104.49935,5.527,1.76,388,5,1023,55,149,225,0.32,0.47,-1,-1,-1,31.64703,-104.52875,6.97,2017-08-14 05:40:55.614,
299,texnet2017pwsq,2017,8,14,21,28,7.239,19517287,31.58433,-103.78607,8.33,1.45,402,27,77,12,37,41,0.19,0.22,-1,-1,-1,31.60614,-103.84991,2.815,2017-08-14 21:28:07.239,
