Network Code,Station Code,Longitude (WGS84),Latitude (WGS84),Affiliation,Archive,Location Description,Place,Elevation,Start Date,End Date
US,KVTX,-97.8929,27.5459,United States National Seismic Network,TXHUB,,Kingsville,14.6,2006-06-15,
US,JCT,-99.8022,30.4794,United States National Seismic Network,TXHUB,,Junction,591,2000-02-02,
US,NATX,-94.661,31.7598,United States National Seismic Network,TXHUB,,Nacogdoches,168,2004-05-11,
US,MNTX,-105.3821,31.6985,United States National Seismic Network,TXHUB,,Cornudas Mountains,404.8,2003-05-28,
US,MIAR,-93.5765,34.5454,United States National Seismic Network,TXHUB,,Mount Ida,207,1992-09-22,
US,WMOK,-98.7807,34.7379,United States National Seismic Network,TXHUB,,Wichita Mountains,486,1992-11-11,
US,AMTX,-101.6808,34.8837,United States National Seismic Network,TXHUB,,Amarillo,1010,2002-09-28,
US,CBKS,-99.7374,38.814,United States National Seismic Network,TXHUB,,Cedar Bluff,677,1994-09-11,
MX,CCIG,-92.136917,16.281885,Mexican National Seismic Network,TXHUB,,Comitan,1625,1999-12-31,
MX,TLIG,-98.566467,17.562675,Mexican National Seismic Network,TXHUB,,Tlapa,1136,2008-12-31,
MX,ZAIG,-102.567001,22.769199,Mexican National Seismic Network,TXHUB,,Zacatecas,2408,1996-12-31,
MX,CGIG,-107.977352,30.365044,SSN,TXHUB,,CASAS GRANDES,1524,2006-12-06,
MX,HPIG,-105.664017,26.936794,SSN,TXHUB,,HIDALGO DEL PARRAL,1786,2006-12-19,
MX,MCIG,-101.483627,27.977093,SSN,TXHUB,,MUZQUIZ,483,2015-02-08,
MX,MYIG,-89.639614,20.948069,SSN,TXHUB,,MERIDA,13,2010-04-11,
MX,LVIG,-96.4185,19.72622,SSN,TXHUB,,LAGUNA VERDE,57,1996-04-09,
MX,BCIG,-105.412656,27.544763,SSN,TXHUB,,LA BOQUILLA,1265,2013-11-10,
MX,LNIG,-99.465617,24.898167,SSN,TXHUB,,LINARES,329,2006-01-18,
MX,MNIG,-100.29,26.61,SSN,TXHUB,,Monterrey,674,2015-12-31,
MX,NZIG,-109.554158,30.373054,SSN,TXHUB,,NACOZARI,1546,2010-11-05,
MX,SCIG,-91.186588,18.967037,SSN,TXHUB,,SABANCUY,18,2001-09-30,
PI,WP04,-106.9193,34.0733,PASSCAL Pier Test Data,TXHUB,,PASSCAL_WEST_PIER_08,1430,2016-01-11,2016-12-31
PI,WP03,-106.9193,34.0733,PASSCAL Pier Test Data,TXHUB,,PASSCAL_WEST_PIER_06,1430,2016-01-11,2016-12-31
PI,SP00,-106.919,34.074,PASSCAL Pier Test Data,TXHUB,,Socorro,1430,2006-03-26,
SC,Y22A,-106.965202,33.937,New Mexico Tech Seismic Network (),,,Socorro,1674,2010-02-03,
SC,CL2B,-103.878601,32.264168,New Mexico Tech Seismic Network (),,,Gnome Location,2121,1998-12-31,
SC,CPRX,-103.867302,33.0308,New Mexico Tech Seismic Network (),,,Cap Rock,1361,1998-12-31,
SC,DAG,-104.691704,32.591,New Mexico Tech Seismic Network (),,,Dagger Draw,1280,1998-12-31,
SC,GDL2,-104.363701,32.200802,New Mexico Tech Seismic Network (),,,Guadalupe Mountains,1211,1998-12-31,
SC,HTMS,-103.634163,32.4725,New Mexico Tech Seismic Network (),,,Hat Mesa,1192,1998-12-31,
SC,CBET,-103.999001,32.420502,New Mexico Tech Seismic Network (),,,Carlsbad East Tower,1042,1998-12-31,
SC,CL7,-103.8084,32.413,New Mexico Tech Seismic Network (),,,WIPP Site,1034,1998-12-31,
SC,SRH,-104.515381,32.491749,New Mexico Tech Seismic Network (),,,Seven River Hills,1266,2004-05-11,
SC,SSS,-103.396835,32.354599,New Mexico Tech Seismic Network (),,,San Simon Sink,1073,1998-12-31,
SC,JAL,-103.22932,32.20241,New Mexico Tech Seismic Network (),,,Jal,1020,2019-12-19,
SC,PDB,-103.59662,32.0722,New Mexico Tech Seismic Network (),,,Paduca Breaks,1025,2019-12-19,
SC,121A,-107.785103,32.532398,New Mexico Tech Seismic Network (),,,Cookes Peak,1652,2019-03-05,
SC,LEM,-106.974167,34.165501,New Mexico Tech Seismic Network (),,,Lemita,1698,1998-12-31,
SC,SBY,-107.180664,33.975166,New Mexico Tech Seismic Network (),,,South Baldy,3230,1998-12-31,
SC,SMC,-107.019302,33.778667,New Mexico Tech Seismic Network (),,,San Marcial,1560,1998-12-31,
IU,HKT,-95.838402,29.9618,Global Seismograph Network (GSN - IRIS/USGS),TXHUB,,Hockley,-413,2011-09-26,
IU,ANMO,-106.457199,34.945911,Global Seismograph Network (GSN - IRIS/USGS),TXHUB,,Albuquerque,1820,2008-06-30,
IU,TEIG,-88.276299,20.226299,Global Seismograph Network (GSN - IRIS/USGS),TXHUB,,Tepich,40,2014-10-29,
EP,KIDD,-106.506376,31.771774,UTEP Seismic Network,TXHUB,,KIDD Seismic Observatory,1162.5,2009-10-07,
TX,FW11,-97.12787,32.72273,,,,"Arlington, TX",197.5,2016-10-19,
TX,FW04,-96.92325,32.84763,,,,"Dallas, TX",144.8,2016-09-27,
TX,FW09,-96.913922,32.92282,,,,"Farmers Branch, TX",133.3,2016-09-28,
TX,FW02,-97.34255,32.95019,,,,"Haslet, TX",226.5,2016-09-21,
TX,FW03,-98.065202,33.039624,Unavailable,TXHUB,,"Mineral Wells, TX",321,2016-10-17,2021-06-16
TX,FW05,-96.747081,32.988669,,,,"Dallas, TX",207.3,2016-11-15,
TX,FW06,-97.55693,32.972559,,,,"Azle, TX",233,2016-10-18,
TX,FW07,-97.786092,32.702466,,,,"Dallas, TX",310.9,2016-10-17,
TX,FW12,-97.148597,32.499076,,,,"Alvarado, TX",203.9,2016-09-20,
TX,FW01,-96.87833,32.684047,,,,"Dallas, TX",203.4,2016-10-18,
TX,FW13,-97.43112,32.35172,,,,"Cleburne, TX",259,2016-11-14,
TX,FW14,-97.1923,32.3991,,,,"Alvarado, TX",219,2016-11-14,
TX,FW16,-96.89716,32.48187,Unavailable,TXHUB,,"Waxahatchie, TX",193,2016-11-15,2021-10-08
TX,WTFS,-98.46455,33.76622,Unavailable,TXHUB,,"Witchita Falls, TX",277,2016-12-14,
TX,DKNS,-100.92365,33.66653,Unavailable,TXHUB,,"Dickens, TX",843,2016-12-16,
TX,APMT,-100.12155,33.32512,Unavailable,TXHUB,,"Aspermont,TX",501,2016-12-16,
TX,POST,-101.50105,33.0662,Unavailable,TXHUB,,"Post, TX",788.6,2016-12-20,
TX,ODSA,-102.54913,32.12009,Unavailable,TXHUB,,"Odessa, TX",943,2016-12-21,
TX,SAND,-102.12331,29.95471,Unavailable,TXHUB,,"Sanderson, TX",688.8,2017-02-06,
TX,PECS,-103.86697,31.37045,Unavailable,TXHUB,,"Toyah, TX",914,2017-01-31,
TX,VHRN,-104.985193,30.786736,Unavailable,TXHUB,,"Van Horn, TX",1253,2017-01-31,
TX,SGCY,-101.12639,31.91436,Unavailable,TXHUB,,"Sterling City, TX",776,2017-02-07,
TX,OZNA,-101.12708,30.92195,Unavailable,TXHUB,,"Ozona, TX",770.8392,2017-02-07,
TX,HNDO,-99.28081,29.5288,Unavailable,TXHUB,,"Hondo, TX",381,2017-02-15,
TX,BRDY,-98.999447,31.285872,Unavailable,TXHUB,,"Brady, TX",460,2017-02-15,
TX,HBVL,-98.669634,27.064992,Unavailable,TXHUB,,"Hebbronville, TX",155,2017-02-14,
TX,DRIO,-100.61888,29.42311,,,,"Bracketville, TX",354,2017-03-16,
TX,PB08,-102.90736,30.89174,Unavailable,TXHUB,,"Fort Stockton, TX",926,2017-05-24,
TX,PB01,-103.78112,30.94367,Unavailable,TXHUB,,"Toyahvale, TX",1010,2017-09-12,
TX,SN07,-100.89172,33.09092,,,,"Snyder, TX",620,2016-09-27,
TX,CRHG,-94.22517,32.28884,Unavailable,TXHUB,,"Carthage,TX",95,2016-09-27,
TX,PB07,-103.66793,31.57935,University of Texas,TexNet,,"Pecos, TX",856,2017-10-10,
TX,PB03,-103.51395,31.08384,Unavailable,TXHUB,,"Varhalen, TX",871,2017-11-12,
TX,PB05,-103.3247,30.91978,Unavailable,TXHUB,,"Pecos County, TX",957,2016-11-04,
TX,EF04,-97.78986,29.21003,Unavailable,TXHUB,,"Nixon, TX",116,2017-12-19,
TX,EF00,-98.38039,29.12809,Unavailable,TXHUB,,"Floresville, TX",173,2018-02-01,2019-09-08
TX,PB11,-104.03412,31.93553,Unavailable,TXHUB,,"NW of Orla, TX",915,2018-05-02,
TX,EF03,-97.98036,28.94704,Unavailable,TXHUB,,"Hobson, TX",96,2018-06-08,
TX,SN04,-100.86952,32.89878,Unavailable,TXHUB,,"Snyder, TX",716,2017-03-08,
TX,SN05,-100.88431,32.87838,Unavailable,TXHUB,,"Snydet, TX",724,2017-03-08,2019-07-31
TX,SN06,-100.93311,32.87767,Unavailable,TXHUB,,"Snyder, TX",769,2017-03-08,2018-11-29
TX,SN03,-100.94118,32.92429,Unavailable,TXHUB,,"Snyder, TX",744,2017-03-08,
TX,SN02,-100.91106,32.86452,Unavailable,TXHUB,,"Snyder, TX",748,2017-03-08,
TX,SN01,-100.88986,32.86147,Unavailable,TXHUB,,"Snyder, TX",717,2017-03-08,2019-09-30
TX,PB06,-103.21825,31.6472,Unavailable,TXHUB,,"Pyote, TX",831,2017-10-10,
TX,FW15,-97.3695,32.7044,,,,"Fort Worth, TX",192,2017-04-11,
TX,PB10,-103.754585,31.283607,Unavailable,TXHUB,,"Toyah, TX",858,2018-10-16,
TX,PH01,-101.703465,35.57899,Unavailable,TXHUB,,"Fritch, TX",870,2018-10-24,2019-02-10
TX,PH03,-101.551399,35.3574,Unavailable,TXHUB,,"Panhandle, TX",1055,2018-10-25,
TX,PH04,-101.912941,35.23603,Unavailable,TXHUB,,"Amarillo, TX",1062,2018-10-25,2019-02-10
TX,PH02,-101.946743,35.39086,Unavailable,TXHUB,,"Potter County, TX",1094,2018-10-24,
TX,EF05,-97.517897,28.989876,Unavailable,TXHUB,,"Yorktown, TX",88,2018-11-06,
TX,PB12,-103.9577,31.2133,,,,"Toyah, TX",1011.9,2018-11-12,
TX,MB02,-102.037907,31.19806,,,,"Rankin, TX",767.7,2018-11-15,
TX,PB02,-103.510162,31.408951,Unavailable,TXHUB,,"Pecos, TX",792,2017-01-26,2020-07-30
TX,MB04,-102.48802,32.62542,,,,"Seminole,TX",956,2018-11-16,
TX,SN08,-101.060724,32.782579,Unavailable,TXHUB,,"Arah, TX",758,2018-11-29,
TX,237B,-95.808403,32.001499,Texas Seismological Network,TXHUB,,Washetta,116,2018-12-19,
TX,ET01,-94.36497,31.46512,,,,"Chireno,TX",97,2019-01-08,
TX,833A,-99.939,28.3236,University of Texas,TXHUB,,"Cotulla, TX",171,2019-01-24,
TX,EF02,-98.5311,28.7755,,,,"Christine, TX",97.6,2019-01-24,
TX,EF01,-98.38039,29.12809,Unavailable,TXHUB,,"Floresville, TX",173,2017-07-18,2018-06-20
TX,FW08,-97.11214,32.48811,Unavailable,TXHUB,,"Lillian, TX",184,2018-05-24,2018-11-04
TX,435B,-97.585,30.7827,Texas Seismological Network,TXHUB,,Jarrell,248,2018-11-30,
TX,PB16,-103.252,31.12496,Unavailable,TXHUB,,"Coyanosa, TX",848,2019-02-12,
TX,PB04,-103.2694,31.18697,Unavailable,TXHUB,,"Verhalen, TX",812,2019-02-11,
TX,MB06,-101.7999756,31.9779827,,,,"Greenwod, TX",801,2019-02-27,
TX,MB05,-101.8597158,32.6265397,,,,"Klondike, TX",882,2019-02-28,
TX,MB01,-102.0829098,31.6677338,,,,"Midkiff, TX",859,2019-02-28,
TX,SN10,-100.72388,33.04918,Unavailable,TXHUB,,"Rotan, TX",658,2019-03-20,
TX,PCOS,-103.510147,31.408922,Guralp Systems,TXHUB,,Crockett Middle School Pecos,788.2,2019-03-31,
TX,PB09,-104.301444,31.774145,Unavailable,TXHUB,,"Orla, TX",1139,2019-05-21,
TX,PB13,-103.8458,31.5542,,,,"Northwest of Pecos, TX",956.1,2019-04-24,
TX,PB14,-103.1511,31.12932,Texas Seismological Network,TXHUB,,Fort Stockton,807,2019-06-26,
TX,PB18,-103.1996,31.20084,Texas Seismological Network,TXHUB,,Coyanosa,825,2019-06-27,
TX,PB15,-103.08439,31.2114,Texas Seismological Network,TXHUB,,Coyonosa,743,2019-06-27,2020-09-01
TX,PB27,-103.1307,31.57632,,,,"North of Pyote, TX",812.3,2019-07-23,2020-04-13
TX,MB07,-102.25277,32.00061,Unavailable,,,"Midland,TX",880,2019-07-25,
TX,FLRS,-98.38039,29.12809,Unavailable,TXHUB,,"Floresville, TX",173,2019-09-08,
TX,PB21,-103.06216,31.341918,Unavailable,TXHUB,,"Coyanosa, TX",753,2019-09-11,
TX,SN09,-100.739412,32.672969,Unavailable,TXHUB,,"Hermleigh, TX",663,2019-09-30,
TX,MNHN,-102.76141,31.34023,Unavailable,TXHUB,,"Monahans, TX",750,2017-08-04,
TX,MLDN,-97.068723,29.822212,Unavailable,TXHUB,,"Muldoon, TX",104,2017-08-04,
TX,SNAG,-94.17877,31.51818,Unavailable,TXHUB,,"San Augustine, TX",84,2017-08-07,
TX,PLPT,-98.31578,32.81276,Unavailable,TXHUB,,"Palo Pinto, TX",336,2017-08-08,
TX,SMWD,-100.24248,35.10455,Unavailable,TXHUB,,"Samnorwood, TX",704,2017-08-09,
TX,DRZT,-100.29688,36.44401,Unavailable,TXHUB,,"Perryton, TX",791,2017-08-09,
TX,RTBA,-102.73743,36.43795,Unavailable,TXHUB,,"Rita Blanca, TX",1284,2017-08-10,
TX,DG01,-103.271077,31.377576,University of Texas,TexNet,,"Pecos,TX",787,2019-11-20,
TX,HNVL,-95.466664,30.75643,Unavailable,TXHUB,,Huntsville TX,87,2017-04-06,2021-12-09
TX,ALPN,-103.63852,30.37448,Unavailable,TXHUB,,"Alpine, TX",1368,2017-02-03,
TX,PB17,-103.15182,30.99675,,,,Fort Stockton,734,2020-02-20,
TX,PB30,-103.3227,31.2804,,,,"Pecos,TX",829,2020-03-04,
TX,PB28,-104.50077,31.66864,Unavailable,TXHUB,,Culberson County,1204,2020-03-05,
TX,PB29,-104.514453,31.75299,Unavailable,TXHUB,,Culberson County,1242,2020-03-05,
TX,DG03,-103.48416,31.38856,University of Texas,TexNet,,"Pecos, TX",830,2020-03-06,2023-11-30
TX,PB19,-103.099701,31.303087,,,,"West of Imperial, TX",782.4,2019-05-23,
TX,PB31,-104.030536,31.73226,Unavailable,TXHUB,,"Orla, TX",907,2020-05-20,
TX,TREL,-96.08933,32.73039,Unavailable,TXHUB,,"Terrell, TX",174,2017-08-07,
TX,DG02,-103.54313,31.40151,University of Texas,TexNet,,"Pecos, TX",804,2020-05-22,
TX,DG04,-103.41261,31.28734,University of Texas,TexNet,,"Pecos, TX",795,2020-06-02,
TX,DG05,-103.493279,31.17007,University of Texas,TexNet,,"Pecos, TX",837,2020-06-02,
TX,DG06,-103.4845,31.4124,University of Texas,TexNet,,"Pecos, TX",785,2020-06-03,
TX,DG07,-103.52788,31.452888,University of Texas,TexNet,,"Pecos, TX",794,2020-06-03,
TX,DG08,-103.7242,31.19053,University of Texas,TexNet,,"Pecos, TX",895,2020-06-04,
TX,DG09,-103.51277,31.37222,University of Texas,TexNet,,"Pecos, TX",795,2020-06-04,
TX,PB32,-103.37278,31.10306,Texas Seismological Network,TXHUB,,"Pecos, TX",861,2020-06-03,
TX,MB08,-102.328853,31.884448,University of Texas,TexNet,,"Odessa, TX",863,2020-07-09,
TX,OG01,-102.305318,31.934943,,,,,892,2020-07-08,
TX,OG02,-102.323853,31.954503,University of Texas,TexNet,,"Odessa, TX",909,2020-07-09,
TX,PB22,-103.076924,31.211658,Texas Seismological Network,TXHUB,,coyonosa,808,2020-09-03,
TX,OG04,-102.35986,31.92935,University of Texas,TexNet,,"Odessa, TX",805,2020-11-17,
TX,PB16A,-103.252,31.12496,University of Texas,TXHUB,,"Coyonosa, TX",848,2019-02-12,2019-04-10
TX,MB09,-101.82,32.3391,Texas Seismological Network,TexNet,,"Lenorah, TX",798.5,2021-01-10,
TX,MB10,-101.792,32.2651,University of Texas,TXHUB,,Stanton,813,2021-03-31,
TX,PB33,-104.054045,31.534929,Texas Seismological Network,TXHUB,,"Pecos, TX",1006,2020-06-03,
TX,INDO,-100.298344,28.467247,University of Texas,TXHUB,,"El Indio, TX",721,2021-05-20,
TX,PB34,-104.037778,31.676667,Unavailable,TXHUB,,"Reeves, TX",969.3,2021-07-05,
TX,ELG6,-100.3263558,28.4816558,University of Texas,TXHUB,,"SSW of El Indio, TX",229,2021-06-30,
TX,MB11,-101.972645,32.146839,Texas Seismological Network,TXHUB,,Midland,812,2021-10-04,
TX,MB12,-101.602778,32.368611,Unavailable,TXHUB,,,775.6,2022-07-13,
TX,PB35,-104.43203,31.656187,Unavailable,TXHUB,,"Van Horn, TX",1224,2022-07-26,
TX,PB37,-104.528416,31.71847,Unavailable,TXHUB,,"Van Horn, TX",1263,2022-07-28,
TX,PB38,-104.426634,31.72972,Unavailable,TXHUB,,"Van Horn, TX",1240,2022-07-28,
TX,PB40,-103.9339588,31.6419935,Unavailable,TXHUB,,,935,2022-08-20,
TX,PB42,-103.640224,31.764578,,,,Loving,830,2022-09-08,
TX,PB43,-103.864872,31.680019,Unavailable,TXHUB,,"Reeves County, TX",896,2022-09-22,
TX,MB13,-101.633469,32.321431,Unavailable,TXHUB,,"Howard County, TX",774,2022-09-29,
TX,PB20,-104.06179,31.6281,,,,"Culberson County ,TX",1022,2022-07-10,
TX,PB23,-104.07276,31.66404,,,,"Culberson Count, Texas",1005,2022-07-10,
TX,PB24,-104.01776,31.61979,,,,"Reeves County, Texas",997,2022-07-11,
TX,PB25,-104.07019,31.58308,,,,"Culberson County, Texas",1037,2022-07-11,
TX,PB26,-104.12579,31.57819,,,,"Culberson County, Texas",1065,2022-07-10,
TX,PB36,-104.425899,31.680262,Unavailable,TXHUB,,"Van Horn, TX",1218,2022-07-26,
TX,MB14,-101.618194,32.209722,,,,Whistling Duck SWD,999,2022-11-16,
TX,MB15,-102.1659308,32.3938394,Unavailable,TXHUB,,"Lenorah, TX",999,2022-11-16,
TX,MB16,-102.236844,32.337047,Unavailable,TXHUB,,"Midland, TX",904,2023-01-15,
TX,MB17,-102.04114,32.031106,,,,"Midland,  TX",852,2023-02-16,
TX,MB18,-102.171812,32.082143,Unavailable,TXHUB,,"Midland, TX",871,2023-02-16,
TX,PB44,-103.986965,31.92377,,,,"Angeles, TX",894,2023-03-08,
TX,YK01,-103.008071,33.110552,,,,"Denver City, TX",1150,2023-03-13,
TX,MB03,-100.615009,31.741898,,,,,734,2023-04-19,
TX,MB19,-101.71205,32.396522,,,,"Midland, TX",786,2023-05-03,
TX,PB51,-103.381836,31.940163,Unavailable,TXHUB,,"Mentone,TX",978,2023-05-17,
TX,MB22,-101.721534,32.518495,Unavailable,TXHUB,,"Ackerly, TX",857,2022-07-11,
TX,MB21,-101.727966,32.343507,,,,"SW of Knott, TX",999,2023-07-11,
TX,MB23,-101.800869,32.386609,,,,"Knott, TX",791,2023-08-09,
TX,MB25,-102.4867,32.02737,,,,"Odessa, TX",921,2023-11-01,
TX,PB46,-103.475133,31.706947,,,,"Loving, County",878,2023-11-08,
TX,PB47,-103.3351,31.741433,,,,"Loving, County",861,2023-11-08,
ZP,SC04,-97.473422,34.36356,,,,,300,2016-11-11,2017-12-31
ZP,SC08,-96.393077,34.687273,,,,,200,2016-12-12,2017-12-31
ZP,SC09,-97.365705,34.545088,,,,,291,2017-04-06,2017-12-31
ZP,SC12,-99.3547,34.921667,,,,,472,2017-04-13,2017-12-31
ZP,SC13,-96.945632,34.727653,,,,,363,2017-05-10,2017-12-31
ZP,SC14,-98.243927,34.452052,,,,,339,2017-05-10,2017-12-31
ZP,SC15,-99.50059,35.606645,,,,,550,2017-05-11,2017-12-31
MG,JRQG,-100.446976,20.703686,Seismic Network of the NorthEastern Mexico,TXHUB,,Juriquilla,1965,2003-08-28,
G,UNM,-99.178062,19.329662,GEOSCOPE,TXHUB,,Unam - Mexico,2280,1990-06-05,
AE,319A,-109.280899,31.3757,Arizona Broadband Seismic Network,TXHUB,,Douglas,1187,2011-11-30,
AM,R0F1A,-95.576,29.5978,RaspShake Network,ZCS,,Raspberry Shake Personal Seismograph Station,27,2016-10-31,
AM,R9B84,-95.6986,29.9144,RaspShake Network,ZCS,,Raspberry Shake Personal Seismograph Station,46,2016-10-31,
AM,R9EE9,-96.7944,32.8533,RaspShake Network,ZCS,,Raspberry Shake Personal Seismograph Station,178,2016-10-31,
AM,R349C,-101.9118,33.5954,RaspShake Network,ZCS,,Raspberry Shake Personal Seismograph Station (4D),985,2016-12-31,
AM,R3913,-98.4261,29.5843,RaspShake Network,ZCS,,Raspberry Shake Personal Seismograph Station (4D),256,2016-12-31,
AM,R7489,-95.5868,30.1825,RaspShake Network,ZCS,,Raspberry Shake Personal Seismograph Station (4D),67,2016-12-31,
AM,R7783,-97.8306,30.4717,RaspShake Network,ZCS,,Raspberry Shake Personal Seismograph Station (4D),297,2016-12-31,
AM,R7813,-96.5851,33.0413,RaspShake Network,ZCS,,Raspberry Shake Personal Seismograph Station,167,2016-12-31,
AM,RC421,-96.2945,30.6466,RaspShake Network,ZCS,,Raspberry Shake Personal Seismograph Station,88,2016-10-31,
AM,REA98,-95.3852,29.81,RaspShake Network,ZCS,,Raspberry Shake Personal Seismograph Station,18,2016-10-31,
AM,RFAE6,-97.1323,32.2972,RaspShake Network,ZCS,,Raspberry Shake Personal Seismograph Station,199,2016-10-31,
AM,RFFB7,-97.1041,33.221,RaspShake Network,ZCS,,Raspberry Shake Personal Seismograph Station (4D),199,2016-12-31,
2T,EF56,-97.1894,29.5828,University of Texas,TXHUB,,Moulton,127.8,2018-09-26,
2T,EF54,-97.6301,29.1577,University of Texas,TXHUB,,"Nixon, TX",122.4,2018-11-15,
2T,EF58,-98.723,28.8365,University of Texas,TXHUB,,"Charlotte, TX",137,2018-11-16,
2T,EF59,-98.4191,28.9501,University of Texas,TXHUB,,"Coughran, TX",98.1,2018-11-08,
2T,EF73,-97.8966,28.9826,University of Texas,TXHUB,,"North Karnes, TX",90.4,2018-11-08,
2T,EF51,-98.4979,28.7897,University of Texas,TXHUB,,"Christine, TX",98.3,2018-12-17,
2T,EF64,-97.3128,29.7397,University of Texas,TXHUB,,"Waelder, TX",130.89,2018-12-17,
2T,EF63,-97.4637,29.5756,University of Texas,TXHUB,,"Gonzales, TX",121.3,2018-12-17,
2T,EF74,-98.4242,28.4376,University of Texas,TXHUB,,"Calliham, TX",95.2,2018-12-17,
2T,EF62,-97.685,29.3651,University of Texas,TXHUB,,"Nixon, TX",98.8,2018-12-18,
2T,EF69,-98.2802,28.6338,University of Texas,TXHUB,,"Whitsett, TX",59.3,2018-12-18,
2T,EF71,-98.0439,28.6281,University of Texas,TXHUB,,"Pawnee, TX",94.9,2018-12-18,
2T,EF66,-97.1239,29.351,University of Texas,TXHUB,,"Yoakum, TX",82.3,2018-12-18,
2T,EF68,-97.9893,28.7685,University of Texas,TXHUB,,"Kenedy, TX",138.4,2018-12-18,
2T,EF65,-96.9805,29.6716,University of Texas,TXHUB,,"Schulenburg, TX",71.5,2018-12-18,
2T,EF75,-97.832,28.6933,University of Texas,TXHUB,,"Tulsita, TX",113.4,2018-12-19,
2T,EF72,-97.59197,28.86009,University of Texas,TXHUB,,"Nordheim, TX",110,2018-12-19,
2T,EF61,-97.9834,29.1253,University of Texas,TXHUB,,"Poth, TX",97.1,2018-12-20,
2T,EF67,-97.3682,29.1298,University of Texas,TXHUB,,"Cuero, TX",54.1,2018-12-20,
2T,EF53,-97.8044,29.0551,University of Texas,TXHUB,,"Gillett, TX",98.1,2018-12-20,
2T,EF55,-97.4153,29.2628,University of Texas,TXHUB,,"Cheapside, TX",112.6,2019-04-18,
2T,EF76,-98.1947,28.5203,University of Texas,TXHUB,,"Three Rivers, TX",48,2019-04-19,
2T,EF52,-98.20175,28.84362,University of Texas,TXHUB,,"Cambellton, TX",115,2019-04-26,
2T,EF77,-97.97107,28.24334,University of Texas,TXHUB,,"Dinero,TX",62,2021-08-18,
4T,NM01,-103.39849,32.35514,,TXNET,,"Eunice, NM",1038,2018-05-24,1963-11-25
4T,NM02,-103.879,32.2641,,TXNET,,"Loving, NM",1045.4,2018-07-19,1963-11-25
4T,NM03,-103.63428,32.472544,,TXNET,,"Eunice, NM",1145,2018-07-19,1963-11-25
4T,FMR1,-98.5675,26.602778,University of Texas,TexNet,,"Starr County, TX",140,2021-10-06,1963-11-25
4T,FMR2,-98.58452,26.57328,University of Texas,TexNet,,"Starr County, TX",140,2021-10-06,1963-11-25
4T,FMR3,-98.5413535,26.5808215,,,,"Starr County, TX",131,2021-10-06,1963-11-25
4T,FMR4,-98.5649445,26.5790753,Unavailable,TXHUB,,"Starr County, TX",137,2021-10-08,1963-11-25
4T,EL01,-95.136906,29.613102,,,,Ellington AFB,8,2021-11-05,1963-11-25
4T,EL02,-95.166403,29.590574,,,,Ellington AFB,10,2021-11-05,1963-11-25
4T,EL03,-95.174532,29.622642,,,,Ellington AFB,13,2021-11-05,1963-11-25
4T,EL08,-95.124682,29.567319,University of Texas,TexNet,,,10,2021-11-18,1963-11-25
4T,EL07,-95.082627,29.653474,University of Texas,TexNet,,EL07,9,2021-12-01,1963-11-25
4T,EL04,-95.309331,29.563707,University of Texas,TexNet,,EL04,2,2022-03-10,1963-11-25
4T,EL06,-95.173643,29.660086,University of Texas,TexNet,,EL06,11,2022-03-29,1963-11-25
4T,EL05,-95.286764,29.647182,University of Texas,TexNet,,,12,2022-04-26,1963-11-25
AG,WLAR,-93.112,33.688,Arkansas Seismic Network,TXHUB,,White Oak Lake,77,2010-02-22,
OK,ELIS,-99.418045,36.065254,,,,,641,2016-04-06,
OK,LOOK,-97.179993,33.992428,,,,,286,2015-05-01,
OK,X37A,-95.3713,34.589199,,,,,207,2012-02-23,
OK,FNO,-97.401154,35.257381,,,,,360,2011-09-15,
OK,W35A,-96.874527,35.15274,,,,,322,2012-02-14,
OK,X34A,-97.832558,34.601021,,,,,364,2011-10-12,
N4,441B,-93.189796,30.7498,,,,,33,2014-01-14,
N4,545B,-90.489403,30.0441,,,,,8,2014-01-20,
N4,735B,-97.808197,28.855301,,,,,109,2014-02-26,
N4,ABTX,-99.643097,32.623798,,,,,502,2018-08-14,
N4,MSTX,-102.7724,33.969601,,,,,1167,2018-08-14,
N4,WHTX,-97.4561,31.991301,,,,,190,2018-08-14,
N4,Z35B,-97.252998,33.330898,,,,,234,2014-02-09,
N4,Z38B,-94.985199,33.259899,,,,,115,2014-02-11,
N4,237B,-95.808403,32.001499,,,,,116,2014-02-04,2019-03-05
IM,TX01,-103.6677,29.334,,,,,996.7999878,1995-04-02,
IM,TX02,-103.658,29.3299,,,,,965.2999878,1995-03-28,
IM,TX03,-103.6743,29.3314,,,,,996.5,1972-01-02,
IM,TX04,-103.6673,29.3399,,,,,997.2000122,1995-03-28,
IM,TX06,-103.682,29.319,,,,,939.5,1995-03-28,
IM,TX07,-103.689,29.3404,,,,,1069.699951,1995-03-28,
IM,TX08,-103.6769,29.3509,,,,,1044.5,1995-03-28,
IM,TX09,-103.6602,29.3437,,,,,988.2999878,1995-03-28,
IM,TX10,-103.7035,29.3305,,,,,1034.099976,1995-03-28,
IM,TX31,-103.6677,29.3343,,,,,991.4000244,1998-10-29,
IM,TX11,-103.6677,29.3344,,,,,1003.400024,2000-12-13,2018-03-27
IM,TX32,-103.6677,29.334,,,,,995.5,2000-12-13,
4O,LWM1,-103.63,31.2312,,,,"North of Verhalen, TX",826.8,2019-07-26,
4O,LWM2,-103.5847,31.2699,,,,Southwest of Pecos,810.6,2019-07-26,
4O,PR01,-103.270332,31.2365,Schlumberger Network,TXHUB,,P06,826,2020-02-26,
4O,DB04,-103.1054,31.0664,Unavailable,TXHUB,,"Coyanosa,TX (1)",868,2021-02-21,
4O,DB03,-103.078,31.1162,Unavailable,TXHUB,,"Coyanosa, TX (2)",839,2021-02-21,
4O,DB02,-103.1096,31.1858,Unavailable,TXHUB,,"Coyanosa,TX (3)",820,2021-02-21,
4O,OP01,-101.36427,32.43232,,,,"NE of Big Spring, TX",760,2021-06-30,
4O,WB01,-104.060278,31.721667,Unavailable,TXHUB,,"Culberson, TX",927,2021-07-06,
4O,MBBB1,-101.891072,32.246247,,,,,855,2021-09-16,
4O,MID01,-102.2322,31.949,Unavailable,TXHUB,,"Midland, TX",880,2021-09-16,
4O,MID02,-102.1669,32.1297,Unavailable,TXHUB,,"Midland, TX",883,2021-12-06,
4O,SA02,-104.2649,31.67163,,,,"West of Orla, TX",1127.5,2021-12-07,
4O,SA04,-104.25458,31.75593,,,,"West of Orla, TX",1092.1,2021-12-07,
4O,SA06,-104.14971,31.75696,,,,"West of Orla, TX",1048.2,2021-12-07,
4O,HP01,-101.2256703,32.4498025,,,,,736,2022-01-02,
4O,CT01,-104.144532,31.90285,,,,,994,2022-02-25,
4O,CT02,-104.122493,31.95689,,,,,952,2022-02-25,
4O,MID03,-102.2109,32.0121,Unavailable,TXHUB,,"Midland, TX",874,2022-02-14,
4O,PL01,-103.3596294,31.9948147,,,,,949,2022-01-02,
4O,CF01,-100.58318,32.80184,,,,,640,2022-03-20,
4O,WB03,-103.9688386,31.6107215,,,,,994,2022-05-10,
4O,WB02,-103.9449205,31.7363019,,,,,932,2022-05-10,
4O,MBBB2,-102.073906,32.053452,,,,,850,2022-03-09,
4O,SA09,-104.31933,31.9998,,,,,1069,2022-07-31,
4O,SA07,-104.36481,31.86578,,,,,1103,2022-07-31,
4O,WB04,-103.950319,31.530513,,,,,961.89,2022-08-26,
4O,WB05,-103.8329479,31.7537807,,,,,854.81,2022-08-26,
4O,WB06,-103.7187809,31.9975481,,,,"Loving Co., TX",950.93,2022-08-26,
4O,WB07,-103.8016616,31.99830925,,,,"Loving Co., TX",942.37,2022-08-26,
4O,WB08,-103.759894,31.96355,,,,"Loving Co., TX",928.58,2022-08-26,
4O,WB09,-103.8032847,31.96368917,,,,"Loving Co., TX",910.79,2022-08-26,
4O,WB10,-103.7218932,31.93042,,,,"Loving Co., TX",910.9,2022-08-26,
4O,WB11,-103.8004139,31.92770654,,,,"Loving Co., TX",905,2022-08-26,
4O,WB12,-103.7642735,31.898132,,,,"Loving Co., TX",886,2022-08-26,
4O,CV01,-104.0889,31.8504,Unavailable,TXHUB,,"Orla, TX",983,2022-11-08,
4O,AT01,-101.73096,31.80227,,,,,815,2023-01-22,
4O,BP01,-103.8244,31.8409,Unavailable,TXHUB,,"East of Orla,  TX",806,2023-02-03,
4O,MO01,-101.4394,32.5118,,,,,794,2023-03-05,
4O,SM01,-101.9041,32.1913,,,,,852,2023-05-31,
4O,MBBB3,-101.709457,31.843938,,,,"Glasscock, County",727,2023-01-18,
4O,MBBB4,-101.89224,31.830239,,,,"Midland, County",714,2023-01-18,
4O,MBBB5,-102.082661,32.282248,,,,"Martin, County",779,2023-01-19,
4O,GV02,-101.39524,32.35144,,,,Howard County,779,2023-07-09,
4O,GV01,-101.59866,32.40766,,,,Howard County,807,2023-07-09,
4O,SM02,-102.1208,32.3607,,,,,883,1979-12-31,
ZW,AFDA,-97.048401,32.822601,,,,,165,2014-12-07,2018-02-27
ZW,AZVM,-97.5488,33.0313,,,,,208,2018-07-01,2019-12-24
ZW,CHDR,-96.976303,32.6003,,,,,261,2017-07-24,2018-12-31
ZW,CLHT,-97.548,32.2734,,,,,228,2018-08-30,2019-04-14
ZW,IFS3,-96.9211,32.8312,,,,,150,2015-01-07,2023-12-31
ZW,IFSC,-96.906097,32.875198,,,,,134,2017-11-19,2018-12-31
ZW,ILCC,-96.9472,32.861,,,,,158,2015-02-19,2023-12-31
ZW,IPD1,-96.9333,32.889,,,,,128,2015-01-16,2023-12-31
ZW,IPD1V,-96.9334,32.8888,,,,,148,2017-01-24,2023-12-31
ZW,ITL1,-96.899,32.8489,,,,,230,2015-01-06,2023-12-31
ZW,ITSC,-96.8498,32.8903,,,,,158,2015-01-10,2023-12-31
ZW,LLGR,-96.7872,33.1821,,,,,223,2018-02-26,2021-06-10
ZW,AZCF,-97.446251,33.184074,,,,,381,2014-01-29,2016-12-31
ZW,AZDA,-97.555298,32.972801,,,,,238,2014-01-07,2018-12-31
ZW,AZHL,-97.348289,32.965649,,,,,222,2014-01-10,2016-12-31
ZW,AZLE,-97.786163,32.982395,,,,,381,2014-01-10,2016-12-31
ZW,EML1,-97.460251,32.87347,,,,,211,2013-12-19,2016-12-31
ZW,EML23,-97.460938,32.873871,,,,,300,2014-02-22,2014-03-01
ZW,EML24,-97.461418,32.8741,,,,,300,2014-02-22,2014-03-01
ZW,EML25,-97.461899,32.874241,,,,,300,2014-02-22,2014-03-01
ZW,EML26,-97.464203,32.874371,,,,,300,2014-02-22,2014-03-01
ZW,EML27,-97.462936,32.874439,,,,,300,2014-02-22,2014-03-01
ZW,EML28,-97.463478,32.874538,,,,,300,2014-02-22,2014-03-01
ZW,EML29,-97.463989,32.874649,,,,,300,2014-02-22,2014-03-01
ZW,EML3,-97.47403,32.875984,,,,,211,2013-12-19,2014-02-13
ZW,EML30,-97.464523,32.874729,,,,,300,2014-02-22,2014-03-01
ZW,EML31,-97.46505,32.874809,,,,,300,2014-02-22,2014-03-01
ZW,EML32,-97.465569,32.87492,,,,,300,2014-02-22,2014-03-01
ZW,EML33,-97.466087,32.875031,,,,,300,2014-02-22,2014-03-01
ZW,EML34,-97.466614,32.875111,,,,,300,2014-02-22,2014-03-01
ZW,EML35,-97.46714,32.875198,,,,,300,2014-02-22,2014-03-01
ZW,EML36,-97.467651,32.875301,,,,,300,2014-02-22,2014-03-01
ZW,EML37,-97.468193,32.875389,,,,,300,2014-02-22,2014-03-01
ZW,EML38,-97.468697,32.875481,,,,,300,2014-02-22,2014-03-01
ZW,EML39,-97.469231,32.875549,,,,,300,2014-02-22,2014-03-01
ZW,EML40,-97.46978,32.875641,,,,,300,2014-02-22,2014-03-01
ZW,EML41,-97.470284,32.875771,,,,,300,2014-02-22,2014-03-01
ZW,EML42,-97.470787,32.875851,,,,,300,2014-02-22,2014-03-01
ZW,EML43,-97.471313,32.875969,,,,,300,2014-02-22,2014-03-01
ZW,EML44,-97.471863,32.876091,,,,,300,2014-02-22,2014-03-01
ZW,EML45,-97.472366,32.87619,,,,,300,2014-02-22,2014-03-01
ZW,EML46,-97.472893,32.87627,,,,,300,2014-02-22,2014-03-01
ZW,EML47,-97.473419,32.87635,,,,,300,2014-02-22,2014-03-01
ZW,EML48,-97.47393,32.876411,,,,,300,2014-02-22,2014-03-01
ZW,EML49,-97.474449,32.876511,,,,,300,2014-02-22,2014-03-01
ZW,EML50,-97.474838,32.876671,,,,,300,2014-02-22,2014-03-01
ZW,EML51,-97.474403,32.87587,,,,,300,2014-02-22,2014-03-01
ZW,EML52,-97.473373,32.87566,,,,,300,2014-02-22,2014-03-01
ZW,EML53,-97.472298,32.8755,,,,,300,2014-02-22,2014-03-01
ZW,EML54,-97.471252,32.875301,,,,,300,2014-02-22,2014-03-01
ZW,EML55,-97.47023,32.875118,,,,,300,2014-02-22,2014-03-01
ZW,EML56,-97.469147,32.87492,,,,,300,2014-02-22,2014-03-01
ZW,EML57,-97.468117,32.874729,,,,,300,2014-02-22,2014-03-01
ZW,EML58,-97.467079,32.87455,,,,,300,2014-02-22,2014-03-01
ZW,EML59,-97.466026,32.874359,,,,,300,2014-02-22,2014-03-01
ZW,EML60,-97.464989,32.874191,,,,,300,2014-02-22,2014-03-01
ZW,EML61,-97.463943,32.87397,,,,,300,2014-02-22,2014-03-01
ZW,EML62,-97.462883,32.87389,,,,,300,2014-02-22,2014-03-01
ZW,EML63,-97.461853,32.873661,,,,,300,2014-02-22,2014-03-01
ZW,IDCR,-96.927094,32.861221,,,,,230,2014-01-07,2015-01-17
ZW,IFBF,-96.913528,32.923664,,,,,132,2015-01-25,2017-12-31
ZW,IFSB,-96.954353,32.89352,,,,,230,2015-01-06,2015-01-17
ZW,IGC1,-96.922836,32.888802,,,,,230,2015-01-07,2015-01-17
ZW,IKWT,-96.925613,32.842751,,,,,230,2015-01-06,2015-01-17
ZW,ILYC,-96.951874,32.82336,,,,,230,2015-01-06,2015-01-17
ZW,INWW,-96.881569,32.854172,,,,,230,2015-01-07,2015-01-17
ZW,IPDM,-96.951889,32.815788,,,,,230,2015-01-06,2015-01-17
ZW,ITL2,-96.891518,32.84024,,,,,230,2014-01-06,2017-12-31
ZW,ITL3,-96.906403,32.851299,,,,,230,2014-01-06,2015-01-17
ZW,IUD1,-96.916397,32.841999,,,,,230,2014-01-06,2015-01-17
ZW,IUD2,-96.926697,32.851398,,,,,230,2014-01-06,2015-01-17
ZW,IUD3,-96.932701,32.8447,,,,,230,2014-01-06,2015-01-17
4F,FWTW,-97.2785,32.7347,,,,,185,2017-11-28,2021-08-10
4F,V2600,-97.0995,32.5095,,,,,177,2015-05-09,2023-12-31
4F,VALP,-97.1425,32.5202,,,,,195,2017-03-09,2023-12-31
4F,VBB1,-97.2331,32.452,,,,,238,2015-05-09,2023-12-31
4F,VMCM,-97.0809,32.4579,,,,,177,2015-05-09,2023-12-31
4F,VNLC,-97.2036,32.5759,,,,,206,2015-05-09,2023-12-31
4F,VSAB,-97.2303,32.4963,,,,,210,2015-05-09,2023-12-31
4F,VVFD,-97.1031,32.4325,,,,,208,2015-05-09,2023-12-31
4F,VPCC,-97.155098,32.462002,,,,,200,2019-07-14,2022-12-31
4F,VBMS,-97.148499,32.498798,,,,,197,2015-05-09,2017-11-30
4F,VPCK,-97.1659,32.4584,,,,,200,2015-05-09,2019-07-15
NQ,AZCT,-97.561668,32.910278,,,,,223,2013-12-14,2014-01-07
NQ,AZEP,-97.535378,32.963421,,,,,224,2014-01-07,
NQ,AZFS,-97.529068,32.889141,,,,,220,2013-12-11,2013-12-24
NQ,AZHS,-97.539719,32.929722,,,,,219,2013-12-14,2016-12-15
NQ,AZNH,-97.590424,32.989052,,,,,273,2013-12-23,
NQ,BRRD,-97.537849,32.99485,,,,,223,2013-12-20,
NQ,BVFD,-97.522141,32.991669,,,,,223,2015-03-25,2016-08-29
NQ,DAL,-96.784439,32.846661,,,,,187,2016-06-17,2016-12-21
NQ,NLKCP,-96.967644,32.870941,,,,,148,2015-01-08,2016-12-12
NQ,RESD,-97.578613,32.94194,,,,,223,2013-12-14,2016-09-12
NQ,UDFB,-96.922523,32.848,,,,,145,2015-01-12,2016-09-22
NQ,UDKH,-96.916786,32.846939,,,,,145,1988-12-31,
NQ,VAVE,-97.144112,32.519421,,,,,188,2016-09-22,
NQ,VLBC,-97.190971,32.50539,,,,,229,2015-05-11,2016-12-15
NQ,VMTW,-97.131889,32.462719,,,,,208,2015-05-11,2016-12-20
NQ,VTAX,-97.143913,32.51968,,,,,203,2015-05-11,
DB,MID01,-102.2322,31.949,Unavailable,TXHUB,,"MIdland, TX",880,2020-11-16,2021-09-16
DB,MID04,-101.8636,32.2189,Unavailable,TXHUB,,"Midland, TX",853,2022-02-14,
DB,UB01,-103.2117,31.1133,Unavailable,TXHUB,,"Coyanosa,TX",844,2020-11-16,
GM,NMP01,-103.86048,32.20476,U.S. Geological Survey Networks (),,,New Mexico Permian - Site# 01,1048,2019-11-05,
GM,NMP02,-103.86139,32.08945,U.S. Geological Survey Networks (),,,New Mexico Permian - Site# 02,996,2019-11-05,
GM,NMP11,-103.93155,32.00668,U.S. Geological Survey Networks (),,,New Mexico Permian - Site# W1S1,882.7,2021-03-17,
GM,NMP12,-103.95259,32.12755,U.S. Geological Survey Networks (),,,New Mexico Permian - Site# W1S2,951.8,2021-03-17,
GM,NMP23,-103.802893,32.167112,U.S. Geological Survey Networks (),,,New Mexico Permian - Site# W2S3,1049.6,2021-06-02,
GM,NMP25,-103.860072,32.33787,U.S. Geological Survey Networks (),,,New Mexico Permian - Site# W2S5,983,2020-08-26,
GM,NMP31,-103.73465,32.03585,U.S. Geological Survey Networks (),,,New Mexico Permian - Site# W3S1,972.8,2021-03-18,
GM,NMP34,-103.68967,32.26384,U.S. Geological Survey Networks (),,,New Mexico Permian - Site# W3S4,1121.7,2020-08-25,
GM,NMP35,-103.724675,32.352297,U.S. Geological Survey Networks (),,,New Mexico Permian - Site# W3S5,1071,2021-06-01,
GM,NMP41,-103.596471,32.00509,U.S. Geological Survey Networks (),,,New Mexico Permian - Site# W4S1,959.9,2020-08-28,
GM,NMP44,-103.61883,32.20474,U.S. Geological Survey Networks (),,,New Mexico Permian - Site# W4S4,1085.7,2021-03-19,
GM,NMP45,-103.58198,32.33145,U.S. Geological Survey Networks (),,,New Mexico Permian - Site# W4S5,1127.4,2021-06-01,
GM,NMP51,-103.421678,32.00448,U.S. Geological Survey Networks (),,,New Mexico Permian - Site# W5S1,975,2021-06-02,
GM,NMP53,-103.431176,32.17626,U.S. Geological Survey Networks (),,,New Mexico Permian - Site# W5S3,1037.3,2020-08-27,
TX,OG03,-102.4867,32.02737,University of Texas,TexNet,,"Odessa, TX",921,2020-09-09,2023-11-01
TX,DG10,-103.488839,31.392949,University of Texas,TexNet,,"Pecos, TX",790,2023-11-30,
TX,PB39,-104.060278,31.721667,Unavailable,TXHUB,,"Culberson, TX",927,2023-11-04,
4O,SM03,-101.8702,32.288,,,,,863,2023-12-09,
4O,LWM3,-103.608,31.4101,,,,,821,2023-12-09,
4O,MG01,-101.9529289,32.4021489,,,,Martin County,856,2023-09-30,
4O,SD01,-101.9796,32.5455,,,,,877,1979-12-31,