api,uictype,formation,injbot,slon,slat,1/2020,2/2020,3/2020,4/2020,5/2020,6/2020,7/2020,8/2020,9/2020,10/2020,11/2020,12/2020,1/2021,2/2021,3/2021,4/2021,5/2021,6/2021,7/2021,8/2021,9/2021,10/2021,11/2021,12/2021,1/2022,2/2022,3/2022,4/2022,5/2022,6/2022,7/2022,8/2022,9/2022,10/2022,11/2022,12/2022,1/2023,2/2023,3/2023,4/2023,5/2023,6/2023,7/2023,8/2023,9/2023,10/2023,11/2023,12/2023,1/2024
10933170,1,DEVONIAN|SILURIAN|MONTOYA|ELLENBURGER|FUSSELMAN|SIMPSON,17600,-104.0201241,31.9886215,460244.0,373056.0,487567.0,332283.0,298921.0,237955.0,283137.0,306821.0,336006.0,338653.0,311775.0,236943.0,0.0,610818.0,28857.0,772474.0,632990.0,588155.0,615620.0,601764.0,598053.0,584946.0,446017.0,458761.0,518858.0,521228.75,409449.0,583296.0,598678.5,584477.5,596937.0,603848.5,417539.0,439294.5,446247.5,457469.0,453839.0,400497.0,457371.0,439847.0,452884.0,423688.0,449169.0,459113.0,438869.0,455960.0,443868.0,459413.0,0
10933281,1,DEVONIAN|SILURIAN|MONTOYA|ELLENBURGER|FUSSELMAN|SIMPSON,17600,-104.0201241,31.9886215,338573.5,458175.0,431760.5,483483.5,237580.0,316258.0,408002.0,488237.0,478918.0,418294.0,429926.0,420631.0,474777.0,318463.0,511206.0,551497.0,572887.0,468690.0,494443.0,372593.0,418732.0,650288.0,450094.0,491732.0,476874.0,416696.0,210686.0,184080.0,385612.0,323420.0,304112.0,226774.0,335240.0,580981.9999999999,186594.40000000002,408168.0,222119.0,99266.0,353601.0,135795.0,0.0,0.0,0.0,0.0,112059.0,164844.0,194807.0,202942.0,0
10932950,1,DEVONIAN|SILURIAN|MONTOYA|ELLENBURGER|FUSSELMAN|SIMPSON,17600,-104.0201241,31.9886215,2873.921875,9324.145869599999,2870.640625,2743.3125,2735.6875,2728.5625,2783.578125,2751.6875,2500.921875,93.0625,0.0,0.0,0.0,0,0,0.0,0.0,0.0,0.0,37882.534492499995,1743.61474629,1616.734374964,709.15917969,1008.4599609,756.1455078199999,339.49121098,282.7958984,526.3085938,372.85156249,573.2451172,419.801757875,2585.0440161639995,2553.04201018,2710.58025951,2629.7099999999996,1660.0,0.0,1672.0,3993.0,60676.0,51798.0,2774.0,2286.0,1777.0,709.0,527.0,2869.0,2702.0,0
10933026,1,DEVONIAN|SILURIAN|MONTOYA|ELLENBURGER|FUSSELMAN|SIMPSON,17600,-104.0201241,31.9886215,772659.0,562774.285714,560938.0,543228.0,118170.0,154213.0,464671.0,107508.0,203509.0,516876.0,211821.0,450498.0,369820.0,72627.822497,0.0,0.0,0.0,0.0,186767.0,606789.0,554335.22737,467647.3780775001,58035.0,306456.0,393588.20656615,556220.98290025,883384.8863499998,598468.318143,615201.4191400001,777312.0170799998,631025.1442000001,307365.1955910001,267638.82588417997,109583.95269099998,106599.6556459,117336.852176871,20826.336444229997,129911.0,48182.0,356227.0,34784.0,391.0,545.0,126.0,1275.0,2469.0,935.0,950.0,0
10933539,1,DEVONIAN|SILURIAN|MONTOYA|ELLENBURGER|FUSSELMAN|SIMPSON,17600,-104.0201241,31.9886215,0.0,0.0,0.0,0.0,0.0,0.0,1235822.6563000001,1580892.5782200005,1670060.5469600004,1689838.2813300004,1570285.9375800004,1641934.7657100004,1621268.3594300002,948528.98164,1461648.6971500004,1230833.36257,1259116.0,1102408.0,1043078.0,1035929.0,1136367.1288899998,1215399.2180299999,1014038.0,1034742.0,1034439.5129600001,941558.8218,942782.39564,763596.3437500001,1124494.49907,845448.5865200001,915283.5053399999,903897.4040000001,599032.6849863478,434907.10356200003,358740.6117809999,208103.19884900007,60494.70912200001,331646.0,560755.0,458566.0,15447.0,688.0,795.0,728.0,5256.0,646.0,3242.0,556.0,0
10933387,1,DEVONIAN|SILURIAN|MONTOYA|ELLENBURGER|FUSSELMAN|SIMPSON,17600,-104.0201241,31.9886215,14728.0,9835.0,0,0,0,0,0,0,0,0,0,0,0,0,0,0,0,0,0,0,0,0,0,0,0,0,0,0,0,0,0,0,0,0,0,0,0,0,0,0,0,0,0,0,0,0,0,0,0
10932395,1,DEVONIAN|SILURIAN|MONTOYA|ELLENBURGER|FUSSELMAN|SIMPSON,17600,-104.0201241,31.9886215,651928.0,618322.0,775463.0,672712.0,210782.0,202059.0,447136.0,841149.0,579447.0,438856.0,0.0,0.0,0.0,0.0,122721.0,194618.0,379810.0,674175.0,535171.0,734878.0,340454.0,158279.0,89752.0,684312.0,690077.0,593770.0,730482.0,878448.0,929713.0,797475.0,807946.0,866825.0,1042549.0,954834.0,841035.0,44707.0,0.0,0.0,0.0,4.0,0.0,0.0,0.0,124614.0,52494.0,0.0,0.0,5331.0,0
38935294,1,DEVONIAN|SILURIAN|MONTOYA|ELLENBURGER|FUSSELMAN|SIMPSON,17600,-104.0201241,31.9886215,526633.0,536666.0,573360.0,543859.0,523341.0,474284.0,489728.0,456688.0,448370.0,411379.0,417318.0,408294.0,423263.0,190730.0,409500.0,428789.0,418252.0,386597.0,417358.0,410621.0,382137.0,401158.0,344469.0,326616.0,360984.0,380296.0,424871.0,465657.0,472762.0,416890.0,406142.0,443962.0,477138.0,516824.0,488142.0,492336.0,384612.0,470886.0,510103.79,499776.0,495312.0,427210.0,486421.39,468222.0,515528.0,453708.0,472648.0,566648.0,0
10933282,1,DEVONIAN|SILURIAN|MONTOYA|ELLENBURGER|FUSSELMAN|SIMPSON,17600,-104.0201241,31.9886215,489546.0,715083.0,544273.5,566458.0,278362.0,369724.0,467633.0,620643.0,635589.0,503954.0,556009.0,550976.0,656745.0,434337.0,693831.0,708961.0,708972.0,539690.0,574232.0,507254.0,578954.0,837322.0,633092.0,693040.0,646250.0,440590.0,235450.0,158122.0,369766.0,296426.0,348264.0,238094.0,204590.0,572101.4,303246.99999999994,223810.0,135287.0,145575.0,454511.0,172443.0,0.0,0.0,0.0,0.0,87866.0,155830.0,193009.0,201997.0,0
10932853,1,DEVONIAN|SILURIAN|MONTOYA|ELLENBURGER|FUSSELMAN|SIMPSON,17600,-104.0201241,31.9886215,164132.07570600003,53981.43604146,436307.21006421,692260.8262300002,466168.10845142993,425900.30542376003,327638.44561116,635486.818245,535359.6691900002,579187.274222,536089.204668,575564.190141,567202.0366406101,332325.81231600005,486426.3137029199,516124.5659919999,545764.0,301722.0,132926.0,304926.0,445698.70980331,584567.5059400001,515145.0,442870.0,473060.7220039999,403051.60401400004,473079.5503260001,307263.61956399994,206792.556568,224996.47404,9738.56878783,0.0,176764.603578725,296082.91390702996,172063.03957419997,145792.2676722,42286.45528287498,5619.0,0.0,0.0,0.0,0.0,0.0,0.0,0.0,0.0,0.0,0.0,0
10933356,1,DEVONIAN|SILURIAN|MONTOYA|ELLENBURGER|FUSSELMAN|SIMPSON,17600,-104.0201241,31.9886215,1409081.0,1077846.0,700777.0,956742.0,957674.0,985928.0,1117698.0,981287.0,620376.0,897501.0,1076229.0,1081577.0,577941.0,305981.0,21772.0,187844.0,739755.0,1041113.0,1126870.0,922802.0,271687.0,156556.0,423032.0,1349751.0,1315296.0,1076794.0,1190026.0,985526.0,1254579.0,1117218.0,1295824.0,1320762.0,1241630.0,1191558.0,1084376.0,837160.0,225040.0,420491.0,588748.0,0.0,0.0,0.0,0.0,0.0,0.0,0.0,0.0,0.0,0
10933058,1,DEVONIAN|SILURIAN|MONTOYA|ELLENBURGER|FUSSELMAN|SIMPSON,17600,-104.0201241,31.9886215,667307.0,435501.0,541953.0,547001.0,351956.0,555846.0,428417.0,581252.0,561096.0,471037.0,246824.0,465813.0,445711.0,437058.0,622295.0,516866.0,425784.0,202042.0,195406.0,144644.0,242971.0,543302.0,365888.0,0,609073.0,574534.0,573286.0,598744.0,654878.0,664161.0,630395.0,640862.0,648643.0,631715.0,571610.0,573921.0,591544.0,351960.0,476541.0,540304.0,619544.0,615157.0,665558.0,264652.0,512159.0,219227.0,661397.0,719571.0,0
10932848,1,DEVONIAN|SILURIAN|MONTOYA|ELLENBURGER|FUSSELMAN|SIMPSON,17600,-104.0201241,31.9886215,308866.5,334753.5,331835.0,217109.5,202816.5,205062.0,217935.0,185169.0,180261.0,228022.0,222369.0,262611.0,320992.0,259901.0,278252.0,256910.0,215206.0,238583.0,246175.0,269005.0,204744.0,132110.0,152419.0,256502.0,302799.0,250271.0,498668.0,411040.0,125339.0,295788.0,288305.0,385853.0,408063.9,408900.39999999985,263773.60000000003,114462.0,183588.0,176463.0,158651.0,135498.0,0.0,21852.0,131906.0,488887.0,295989.0,255820.0,283512.0,263488.0,0
10933296,1,DEVONIAN|SILURIAN|MONTOYA|ELLENBURGER|FUSSELMAN|SIMPSON,17600,-104.0201241,31.9886215,1356766.0,1701846.0,1767986.0,1412970.0,798674.0,942648.0,1198664.0,1357671.0,1014499.0,822402.0,1450210.0,1292737.0,627153.0,440532.171099,298730.74057240004,863361.0,964860.0,863361.0,592014.0,846754.0,973035.2160200002,857568.3595761599,604998.0,584656.0,749219.7387600002,483882.229114,572274.61815,242774.91485819998,412353.0,942648.0,333169.0,209035.0,39757.594039999996,472669.1418009999,386776.69518552005,69506.494752,0.0,0.0,0.0,0.0,0.0,0.0,0.0,0.0,0.0,0.0,0.0,0.0,0
10933071,1,DEVONIAN|SILURIAN|MONTOYA|ELLENBURGER|FUSSELMAN|SIMPSON,17600,-104.0201241,31.9886215,381529.0,152881.0,426438.0,444975.0,267196.0,361064.0,412828.0,403912.0,433454.0,394941.0,442641.0,378088.0,334894.0,225509.0,341835.0,324356.0,389100.0,280258.0,166444.0,364330.0,296587.0,256301.0,0,0,395293.0,371556.0,505683.0,447048.0,393504.0,356912.0,427421.0,411583.0,419268.0,427808.0,344084.0,437383.0,450441.0,206869.0,148595.0,207356.0,120197.0,44618.0,176339.0,177291.0,135799.0,59077.0,323007.0,356453.0,0
10932849,1,DEVONIAN|SILURIAN|MONTOYA|ELLENBURGER|FUSSELMAN|SIMPSON,17600,-104.0201241,31.9886215,481042.0,473768.0,452390.0,321418.0,347690.0,335570.0,396588.0,343374.0,301430.0,368900.0,397180.0,412356.0,318476.0,295005.0,280512.0,281460.0,217558.0,256068.0,244424.0,128942.0,182508.0,122078.0,176654.0,30051078.01,279452.0,179462.0,279134.0,300266.0,146668.0,303019.1,327440.0,380696.0,300545.217714,289199.4,202854.59999999998,91581.0,137754.0,115299.0,284516.0,202801.0,0.0,12422.0,73195.0,433440.0,136756.0,65750.0,80286.0,78533.0,0
10933316,1,DEVONIAN|SILURIAN|MONTOYA|ELLENBURGER|FUSSELMAN|SIMPSON,17600,-104.0201241,31.9886215,868553.7324400002,846849.5879099999,886380.1337809999,1192016.13088,1142829.20315,1110811.60645,1263980.84183,1389098.1054999998,1167285.5781599998,827928.5283116001,676015.9990310002,910349.2363400002,1159710.82033,336859.47314772,429333.0,657601.8160399998,961819.0,1125863.0,767626.0,1181270.0,549736.52860743,1361244.0,1031984.0,333516.0,946816.4864799998,870400.3645399999,797197.3121440001,1239449.67692,1037474.37299,476495.10939881,841919.11107,865291.0853400001,877626.0805100002,959567.0730599998,765580.89322,633388.39016,490774.30983499996,214891.0,2623.0,257910.0,618689.0,465313.0,579527.0,617425.0,606752.0,743494.0,73123.0,0.0,0
10933166,1,DEVONIAN|SILURIAN|MONTOYA|ELLENBURGER|FUSSELMAN|SIMPSON,17600,-104.0201241,31.9886215,975911.65944,925027.3452450002,609760.6236909999,368902.66529470007,896822.94385,1209252.3047999993,490942.21433905006,738943.6278284501,887059.52383,840095.8723199998,752961.51744348,557731.5584280901,816750.8695900001,523715.32281380007,826109.4094680002,737822.281695,730507.0,645132.0,631895.0,740868.0,654345.9593800001,596888.37574,724840.0,671987.0,547990.6917150001,502535.37417,484223.6675500001,579226.5738899999,567949.74026,572769.8976100001,744140.3907099998,761590.5690140002,838873.433263,523215.893571,260084.66547065,240135.22667399995,59919.70128999999,493611.0,891628.0,625586.0,51744.0,892.0,939.0,900.0,1443.0,189689.0,198381.0,251425.0,0
10932895,1,DEVONIAN|SILURIAN|MONTOYA|ELLENBURGER|FUSSELMAN|SIMPSON,17600,-104.0201241,31.9886215,1434329.0,1030461.0,968597.0,1250247.0,1477421.0,1487965.0,1455643.0,1121551.0,955146.0,1384575.0,1668510.0,1775427.0,746331.0,310510.0,778432.0,1394950.0,1611026.0,1514790.0,1441182.0,217191.0,687459.0,1185145.0,942197.0,1110955.0,1432340.0,1150463.0,1295126.0,1090649.0,930438.0,1390232.0,984970.0,670051.0,661906.0,1090510.0,394048.0,634687.0,834418.0,768449.0,665486.0,729534.0,430455.0,272636.0,489820.0,183783.0,166043.0,348149.0,648585.0,718045.0,0
10933417,1,DEVONIAN|SILURIAN|MONTOYA|ELLENBURGER|FUSSELMAN|SIMPSON,17600,-104.0201241,31.9886215,1379710.0,1192305.0,1079855.0,1053842.0,1421946.0,1239767.0,1240219.0,944234.0,495523.0,458189.0,947067.0,874276.3349700001,961014.10452,231039.80401629998,125844.9863926,176771.04174000002,471568.0,728882.0,266892.0,1028661.0,581442.6284587,1200072.4661800002,941359.0,938039.0,1020764.1947200004,726579.014017,1034411.01421,717312.70126,904480.6388626,900768.24375,982455.73253,990881.7111300002,797674.8070400001,745390.95622,633351.05918,493299.6831,314084.55278870795,101986.0,95846.0,740057.0,840435.0,401240.0,267654.0,159423.0,0.0,168583.0,18213.0,0.0,0
10932704,1,DEVONIAN|SILURIAN|MONTOYA|ELLENBURGER|FUSSELMAN|SIMPSON,17600,-104.0201241,31.9886215,66069.0,47038.0,50473.0,64013.0,62683.0,29999.0,46581.0,31443.0,18480.0,0.0,0.0,0.0,0.0,0.0,0.0,0.0,0.0,0.0,0.0,0.0,0.0,0.0,0.0,0.0,0.0,0.0,0.0,0.0,0.0,0.0,0.0,0.0,0.0,0.0,0.0,0.0,0.0,0.0,0.0,0.0,0.0,0.0,0.0,0.0,0.0,0.0,0.0,0.0,0
10932982,1,DEVONIAN|SILURIAN|MONTOYA|ELLENBURGER|FUSSELMAN|SIMPSON,17600,-104.0201241,31.9886215,1662613.0,1024458.0,327388.0,1147698.0,1808061.0,1101309.0,879132.0,907827.0,620285.0,893611.0,854159.0,751069.0,604302.0,319133.0,804815.0,520027.0,0.0,306760.0,639660.0,634794.0,442831.0,642531.0,785160.0,758295.0,770829.0,685279.0,664922.0,0.0,0.0,0.0,0.0,0.0,0.0,0.0,0.0,0.0,0.0,0.0,0.0,0.0,0.0,0.0,0.0,0.0,0.0,0.0,0.0,0.0,0
38932764,1,DEVONIAN|SILURIAN|MONTOYA|ELLENBURGER|FUSSELMAN|SIMPSON,17600,-104.0201241,31.9886215,488925.0,430728.0,447146.0,387375.0,234867.0,242283.0,349974.0,200847.0,189308.0,265429.0,259461.0,182821.0,195213.0,108860.0,198720.0,181818.0,148682.0,192378.0,256115.0,206584.0,302203.0,320043.0,320823.0,353442.0,226455.0,184626.71000000002,286888.77,165040.39,130908.68000000005,281627.24,195313.0,258342.5,349746.25,308769.5,304024.0,242661.25,271477.25,237352.75,253196.0,138060.0,38503.0,200510.0,209927.0,191855.0,188434.0,210861.0,76685.0,103568.0,0
10933393,1,DEVONIAN|SILURIAN|MONTOYA|ELLENBURGER|FUSSELMAN|SIMPSON,17600,-104.0201241,31.9886215,822051.0,648595.0,662668.0,552547.0,506675.0,404533.0,366507.0,297270.0,337827.0,309932.0,274238.0,322202.0,239160.0,197968.0,252223.0,299567.0,423260.0,703128.0,445407.0,213723.0,965659.0,1294946.0,1017836.0,725875.0,604264.0,755122.0,742929.0,864820.0,1124952.0,916601.0,981768.0,327606.0,338472.0,356677.0,375827.0,339857.0,474805.0,396575.0,473255.0,339135.0,76496.0,121841.0,211917.0,407347.0,461361.0,426257.0,406968.0,498316.0,0
10933303,1,DEVONIAN|SILURIAN|MONTOYA|ELLENBURGER|FUSSELMAN|SIMPSON,17600,-104.0201241,31.9886215,362339.0,215864.0,2001349.0,809438.0,1059196.0,1135975.0,1475454.0,1558283.0,818143.0,568839.0,1133453.0,1288462.0,1457773.0,484666.0,3.0,2046.0,1046441.0,1359274.0,646390.0,800927.0,580506.9776880001,511432.2734,1134256.0,745329.0,381544.89866800007,437535.0,126904.28461867402,958922.05837,837673.4559900002,979982.02785,910225.07429,747546.4706799999,889728.95732,697670.1328699997,534639.316756,1335076.0471100004,891290.7979529996,191027.0,173552.0,193147.0,1037958.0,974515.0,1147055.0,872202.0,757273.0,661592.0,29512.0,5872.0,0
10932828,1,DEVONIAN|SILURIAN|MONTOYA|ELLENBURGER|FUSSELMAN|SIMPSON,17600,-104.0201241,31.9886215,78406.0,1796.0,210584.49999999997,302971.0,256477.0,246521.0,236281.0,191682.0,109607.0,62553.0,188266.0,136450.0,1015.0,0.0,28857.0,290795.0,238832.0,265679.0,280864.0,287593.0,271577.0,286491.0,280526.0,294850.0,295145.0,254067.66000000003,289967.51,282349.54,284874.26,288572.0,289946.75,288344.25,277922.25,280484.25,277319.75,292370.75,295137.5,230548.5,278656.5,277795.0,301765.0,283846.0,295089.0,293808.0,269944.0,273229.0,293151.0,275032.0,0
38938320,1,DEVONIAN|SILURIAN|MONTOYA|ELLENBURGER|FUSSELMAN|SIMPSON,17600,-104.0201241,31.9886215,114872.06999999999,79541.19,7825.410000000001,73447.0,74023.0,106333.0,91704.0,42946.0,64529.0,94999.0,83931.0,77294.0,21779.0,13730.0,20302.0,0.0,0.0,3492.0,134156.0,67580.0,105905.0,141747.0,242312.0,74597.0,80538.51999999999,111149.96000000002,133273.73000000004,107312.09,86665.9,123798.0,120853.5,56870.75,108410.5,148084.0,101749.5,119610.7,61776.75,39716.5,87942.75,61733.0,90574.0,126371.20000000001,24832.5,0.0,0.0,0.0,0.0,0.0,0
10932341,1,DEVONIAN|SILURIAN|MONTOYA|ELLENBURGER|FUSSELMAN|SIMPSON,17600,-104.0201241,31.9886215,580137.0,493141.13,359681.0,467242.0,140232.0,310109.0,451036.0,430832.0,469048.0,431196.0,569495.0,149464.0,111369.0,56441.0,127918.0,100258.0,172221.0,161360.0,166547.0,155283.0,146356.0,153067.0,0,0,162392.0,98736.0,154710.0,148033.0,141758.0,141044.0,143345.0,148890.0,142005.0,140752.0,131157.0,131794.0,117531.0,113950.0,121847.0,119084.0,120321.0,116219.0,118080.0,105737.0,111529.0,108807.0,107068.0,105708.0,0
10932340,1,DEVONIAN|SILURIAN|MONTOYA|ELLENBURGER|FUSSELMAN|SIMPSON,17600,-104.0201241,31.9886215,334540.0,277259.0,301428.0,268678.0,239509.0,268924.0,318950.0,204458.0,188920.0,147256.0,159253.0,142515.0,252264.0,74053.0,165802.0,209510.0,241825.0,0,0,0,334217.0,448648.0,378224.0,383946.0,345463.0,345871.25,472568.25,479670.52999999997,533707.5,519412.5,536914.0,486581.0,514237.5,528391.0,474158.0,487741.5,496485.0,457228.0,502896.0,466404.0,489524.0,420057.0,506470.5,296333.26,549415.0,540497.0,13636.780000000002,512601.0,0
10932532,1,DEVONIAN|SILURIAN|MONTOYA|ELLENBURGER|FUSSELMAN|SIMPSON,17600,-104.0201241,31.9886215,241341.0,336669.0,269635.0,96619.0,114720.0,115253.0,86684.0,0.0,1100.0,100.0,0.0,0.0,0.0,0.0,0.0,0.0,0.0,0.0,0.0,0.0,0.0,0.0,0.0,0.0,0.0,0.0,0.0,0.0,0.0,0.0,0.0,0.0,0.0,0.0,0.0,0.0,0.0,0.0,0.0,0.0,0.0,0.0,0.0,0.0,0.0,0.0,0.0,0.0,0
38934514,1,DEVONIAN|SILURIAN|MONTOYA|ELLENBURGER|FUSSELMAN|SIMPSON,17600,-104.0201241,31.9886215,349064.0,297708.0,374900.0,476763.0,411881.0,452850.0,458584.0,483432.0,403029.0,414883.0,323518.0,321280.0,451439.0,252523.0,114640.0,293457.0,528791.0,362508.0,499872.0,413386.0,442468.0,463946.0,377964.0,476143.0,517614.0,462160.0,449082.0,403426.0,438532.0,409076.0,294851.0,396050.0,466443.0,495024.0,419418.0,412685.0,429450.0,401656.0,432519.0,422632.0,365956.0,308080.0,349616.0,312814.0,402446.0,414924.0,284988.0,387480.0,0
10932782,1,DEVONIAN|SILURIAN|MONTOYA|ELLENBURGER|FUSSELMAN|SIMPSON,17600,-104.0201241,31.9886215,802873.0,638573.0,5475.0,738945.0,847521.0,635798.0,234491.0,316127.0,103444.0,527192.0,512713.0,276407.0,250519.0,165865.0,1539.0,14743.0,103519.0,1205.0,10.0,687535.0,456303.0,692743.0,215657.0,557872.0,364143.0,358896.0,351583.0,0.0,0.0,0.0,0.0,0.0,0.0,0.0,0.0,0.0,0.0,0.0,0.0,0.0,0.0,0.0,0.0,0.0,0.0,0.0,0.0,0.0,0
38935194,1,DEVONIAN|SILURIAN|MONTOYA|ELLENBURGER|FUSSELMAN|SIMPSON,17600,-104.0201241,31.9886215,500233.0,368725.5,460272.0,668246.0,602096.0,531011.0,721475.0,584261.0,583875.0,644048.0,394407.0,638076.1,715807.0,537670.0,640905.0,617692.0,610883.0,349204.0,459089.0,449665.0,541565.0,771370.0,0,0,562820.0,524983.0,703101.0,623837.0,586656.0,591010.0,614847.0,525209.0,426230.0,414687.0,414019.0,324907.0,218483.0,241506.0,245635.0,207474.0,168654.0,214031.0,228556.0,173448.0,245911.0,177494.0,180591.0,249439.0,0
38935887,1,DEVONIAN|SILURIAN|MONTOYA|ELLENBURGER|FUSSELMAN|SIMPSON,17600,-104.0201241,31.9886215,836777.84,829770.8700000001,823684.5299999999,800005.69,833086.6199999999,708149.3,792118.5,582168.4941260001,731160.61,749315.0500000002,728930.21,814021.1100000001,679017.9700000001,469792.08782284404,676089.0800000001,598396.44,826845.1,710117.26,613664.9400000001,666597.63,654324.02,682508.03,631205.7800000001,589580.76,544234.1299999999,543089.6089999999,722841.2599999999,679236.5699999998,629847.069,572862.13,608169.77,450209.37302999996,433833.8,596333.4299999998,562935.0295999999,642908.9180000003,691872.5099999998,464528.267,543421.266,580902.92,556987.115,529648.94,659902.4260000001,646262.6430000002,585811.0,658300.8780000003,586908.9142449999,687588.1799999999,0
10933528,1,DEVONIAN|SILURIAN|MONTOYA|ELLENBURGER|FUSSELMAN|SIMPSON,17600,-104.0201241,31.9886215,0.0,0.0,0.0,0.0,0.0,0.0,337593.75,863289.0625,528906.25,184746.09375,1190957.03125,1025449.21875,1173898.4375,247043.00633789998,81194.54058250002,2826.1440266269997,835290.0,881115.0,81195.0,964153.0,649539.0246308998,1023927.0640100002,977223.0,349148.0,630058.5123870001,574291.995307,845914.4030199999,838510.1654800002,903372.9388799999,883593.9956100001,822503.2175680002,794017.02869,709299.6234199998,750319.0415099999,805617.9313500001,559041.6687700001,259502.80368399998,53178.0,12761.0,216840.0,334545.0,232682.0,41268.0,5068.0,0.0,0.0,0.0,0.0,0
10933348,1,DEVONIAN|SILURIAN|MONTOYA|ELLENBURGER|FUSSELMAN|SIMPSON,17600,-104.0201241,31.9886215,299388.0,259312.0,153435.0,81716.0,49464.0,5918.0,41449.0,57665.0,59959.0,55660.0,47318.0,74609.0,147245.0,68167.0,74090.0,105149.0,101440.0,90553.0,87273.0,74714.0,83497.0,41664.0,77831.4917,131875.62200000003,69134.0,59554.36425359999,53464.24060000001,33834.163,97176.0,67200.28409999999,110629.73219999998,181058.248,85796.95850000001,122268.26700000002,13264.458773000002,71921.76500000001,35573.96273,0.0,0.0,0.0,0.0,0.0,154511.0,424090.12999999995,437718.45998000004,444457.17679,359406.43067000003,311647.13000000006,0
38933824,1,DEVONIAN|SILURIAN|MONTOYA|ELLENBURGER|FUSSELMAN|SIMPSON,17600,-104.0201241,31.9886215,243544.0,267160.0,216097.0,180690.0,73936.0,122290.0,95322.0,152949.0,143514.0,152333.0,172762.0,60274.0,66312.0,10350.0,327787.0,115889.0,13630.0,21327.0,32395.0,76512.0,71736.0,160656.0,180249.0,0,123368.0,21061.5,95132.5,0,0,33.0,1316.5,76698.5,121287.5,17914.71,152315.37,126340.62000000001,82644.59999999999,57608.53,37378.72,19887.0,59723.0,5631.0,0.0,27968.0,33862.0,21672.0,34251.0,16784.0,0
38934097,1,DEVONIAN|SILURIAN|MONTOYA|ELLENBURGER|FUSSELMAN|SIMPSON,17600,-104.0201241,31.9886215,111637.0,36541.0,3454.0,1839.0,0.0,0.0,11.0,0.0,0.0,256.0,0.0,0.0,0.0,0.0,0.0,0.0,0.0,0.0,0.0,0.0,0.0,0.0,0.0,0,0.0,0.0,0.0,0.0,0.0,0.0,0.0,0.0,0.0,0,0.0,0.0,0.0,0.0,0.0,0.0,0.0,0.0,0.0,0.0,0.0,0.0,0.0,0.0,0
38935362,1,DEVONIAN|SILURIAN|MONTOYA|ELLENBURGER|FUSSELMAN|SIMPSON,17600,-104.0201241,31.9886215,496459.0,511164.0,560855.0,417890.0,17577.0,282995.0,338113.0,533433.0,257955.0,356670.0,512270.0,529926.0,379819.0,292633.0,455136.0,379256.0,306177.0,143192.0,171569.0,102363.0,155114.0,195079.0,416224.0,0.0,0.0,0.0,0.0,0.0,0.0,0.0,0.0,0.0,0.0,136361.0,125313.0,48874.0,153822.0,76230.0,76413.0,204498.0,236243.0,76344.0,453916.0,433329.0,368869.0,435477.0,253129.0,295509.0,0
10933253,1,DEVONIAN|SILURIAN|MONTOYA|ELLENBURGER|FUSSELMAN|SIMPSON,17600,-104.0201241,31.9886215,536404.0,217144.0,385077.0,593673.0,284896.0,497001.0,484223.0,469984.0,385840.0,387865.0,251356.0,466403.0,523857.0,527532.0,601966.0,617909.0,541900.0,190949.0,82772.0,144330.0,1241.0,543888.0,0,0,738685.0,963424.0,959298.0,848974.0,391367.0,91150.0,112238.0,0.0,0.0,55212.0,392511.0,352376.0,348556.0,185802.0,210118.0,352882.0,309938.0,533845.0,547183.0,299727.0,437743.0,215964.0,399368.0,305468.0,0
10933473,1,DEVONIAN|SILURIAN|MONTOYA|ELLENBURGER|FUSSELMAN|SIMPSON,17600,-104.0201241,31.9886215,922372.0,847779.0,1085103.0,825003.0,862887.0,1077721.0,1139278.0,1001436.0,484272.0,915648.0,765796.0,848444.0,782770.0,487007.0,47400.0,641273.0,1095829.0,1237484.0,1184747.0,1283892.0,662679.0,333998.0,886464.0,1109300.0,1032618.0,870348.0,923554.0,948685.0,1076197.0,715018.0,1086532.0,1103744.0,1166434.0,1038899.0,900971.0,711919.0,321103.0,362060.0,322049.0,967071.0,1120446.0,744495.0,662451.0,602212.0,487129.0,522079.0,365309.0,192967.0,0
38938775,1,DEVONIAN|SILURIAN|MONTOYA|ELLENBURGER|FUSSELMAN|SIMPSON,17600,-104.0201241,31.9886215,660123.0,793808.0,359549.0,143978.0,110655.0,279077.0,351459.0,338971.0,316612.0,394678.0,362380.0,361010.0,336499.0,255382.0,302113.0,261679.0,255269.0,232155.0,227863.0,222264.0,209083.0,212349.0,192500.0,196020.0,244236.0,335939.0,405699.0,394862.0,214761.0,157540.0,301159.0,243872.0,253883.0,406356.0,285720.0,423962.0,625127.0,504493.0,624291.0,538254.0,480587.0,362745.0,454476.0,535091.0,289352.0,345379.0,375014.0,0,0
10933480,1,DEVONIAN|SILURIAN|MONTOYA|ELLENBURGER|FUSSELMAN|SIMPSON,17600,-104.0201241,31.9886215,0,0,85320.0,125526.0,108405.0,133182.0,133797.0,0.0,44689.0,80163.0,52221.0,113850.0,22736.0,100904.0,148577.0,105149.0,69793.0,73521.0,52346.0,65858.0,51501.0,65231.0,39608.415100000006,0.0,31165.992000000002,23315.422085500002,103038.22929999999,114898.05500000002,70158.0,73521.0,91746.93998,159108.05299999999,71906.64480000001,0.0,0.0,0.0,14967.797999999999,86225.0,260044.0,19275.0,0.0,0.0,152472.9,457593.0,322064.0,244402.0,197400.0,210282.0,0
10933588,1,DEVONIAN|SILURIAN|MONTOYA|ELLENBURGER|FUSSELMAN|SIMPSON,17600,-104.0201241,31.9886215,0,0,0,0,17545.0,137079.0,647952.0,960898.0,802287.0,780598.0,1003705.0,1014448.0,841184.0,661205.0,1227751.0,936958.0,912687.0,871394.0,882803.0,838618.0,924055.0,942264.0,763982.0,768046.0,714725.0,741593.0,928011.0,846037.0,596087.0,22044.0,0.0,0.0,411730.0,561728.0,549696.0,729714.0,826820.0,530469.0,570346.0,401177.0,455953.0,407127.0,442855.80000000005,450532.0,411127.0,440805.5,396965.0,417676.0,0
10933597,1,DEVONIAN|SILURIAN|MONTOYA|ELLENBURGER|FUSSELMAN|SIMPSON,17600,-104.0201241,31.9886215,0,0,0,0,3381.0,43351.0,0.0,0.0,42124.0,1.0,0.0,0.0,0.0,643.0,84513.0,139639.0,200132.0,496873.0,299902.0,421416.0,346917.0,1295099.0,663398.0,462428.0,393401.0,392908.0,303668.0,920550.0,1023242.0,952490.0,890708.0,549322.0,1019410.0,730542.0,230532.0,183709.0,647507.0,429621.0,483048.0,315566.0,125362.0,48295.0,86538.0,142941.0,2280.0,0.0,148651.0,363316.0,0
38938499,1,DEVONIAN|SILURIAN|MONTOYA|ELLENBURGER|FUSSELMAN|SIMPSON,17600,-104.0201241,31.9886215,0,0,0,0,0,34821.0,433063.0,459563.0,574057.0,504526.0,155168.0,178493.0,0.0,0.0,351032.0,314285.0,30205.0,380297.0,182976.0,147793.0,476966.0,70921.0,110819.0,0.0,289957.0,436108.0,473201.0,458743.0,373244.0,94040.0,92628.0,298394.0,623477.0,673807.0,732825.0,800280.0,349770.0,248239.6719,595334.0,137839.0,132633.0,111891.0,15036.0,37620.0,40858.0,279673.0,95388.0,14452.0,0
10933604,1,DEVONIAN|SILURIAN|MONTOYA|ELLENBURGER|FUSSELMAN|SIMPSON,17600,-104.0201241,31.9886215,0,0,0,0,0,195699.0,717068.0,680384.0,739916.0,628263.0,887633.0,786975.0,689739.0,557102.0,862282.0,831270.0,963479.0,720382.0,836284.0,959986.0,611169.0,27911.0,490037.0,583409.0,643087.0,419908.0,837333.0,922469.0,810261.0,482785.0,0.0,1.0,5.0,372846.0,418818.0,352481.0,154115.0,127375.0,253063.0,123593.0,192612.0,120500.0,123539.0,312678.0,195336.0,142345.0,62585.0,207670.0,0
38934925,1,DEVONIAN|SILURIAN|MONTOYA|ELLENBURGER|FUSSELMAN|SIMPSON,17600,-104.0201241,31.9886215,0,0,0,0,0,0,0.0,44402.0,49511.0,3687.0,0.0,0.0,0.0,0.0,0.0,0.0,0.0,0.0,0.0,0.0,0.0,0.0,0.0,0,0,0,0,0,0,0,0,0,0,0,0,0,0,0,0,0,0,0,0,0,0,0,0,0,0
38935112,1,DEVONIAN|SILURIAN|MONTOYA|ELLENBURGER|FUSSELMAN|SIMPSON,17600,-104.0201241,31.9886215,0,0,0,0,0,0,13443.0,19654.0,0.0,38353.0,49172.0,25498.0,37737.200000000004,70623.5,0.0,0.0,0.0,157012.0,168981.0,1205.0,257.0,0.0,0.0,120167.0,0.0,0.0,0.0,0.0,0.0,0.0,0.0,0.0,0.0,0.0,1.0,0.0,0.0,0.0,0.0,0.0,0.0,0.0,0.0,0.0,0.0,0.0,0.0,0.0,0
38937871,1,DEVONIAN|SILURIAN|MONTOYA|ELLENBURGER|FUSSELMAN|SIMPSON,17600,-104.0201241,31.9886215,0,0,0,0,0,0,0,27714.0,35875.0,70416.0,333053.0,81717.0,202073.0,270059.0,479552.0,617308.0,736662.0,688992.0,340239.0,680330.0,252088.0,769124.0,734561.0,523519.0,574257.0,658219.0,733507.0,0.0,632288.0,573394.0,287080.0,787444.0,673368.0,622377.0,177765.0,507787.0,552016.0,639406.0,717942.0,656833.0,458315.0,267154.0,394267.0,412637.0,859423.9289299998,979057.1226799998,783899.1137600001,420610.31873899995,0
10932442,1,DEVONIAN|SILURIAN|MONTOYA|ELLENBURGER|FUSSELMAN|SIMPSON,17600,-104.0201241,31.9886215,0,0,0,0,0,0,0,0,0,0,66207.0,60529.0,55170.0,34101.0,66353.59999999999,61317.0,60435.0,56131.0,50685.0,56214.0,50854.0,52271.0,49631.0,50101.0,49977.0,44672.0,44519.0,44795.0,45257.0,44005.0,38580.0,42983.0,39745.0,42491.0,39940.0,26990.0,38407.0,34844.0,38483.0,36821.0,35313.0,35502.0,32870.0,38378.0,35119.0,29654.0,29231.0,28568.0,0
38937418,1,DEVONIAN|SILURIAN|MONTOYA|ELLENBURGER|FUSSELMAN|SIMPSON,17600,-104.0201241,31.9886215,0,0,0,0,0,0,0,0,0,0,0,0,76290.0,44898.0,198720.0,489829.0,459911.0,591151.0,601731.0,541940.0,599053.0,511740.0,439254.0,425804.0,268222.0,184934.18999999997,439915.67,442449.88,464384.4,439452.4,484930.26,497663.0,423483.97,441950.65,437908.25,451529.5,436138.5,400380.0,459713.0,437684.0,441732.0,386016.0,430581.0,440447.0,441031.0,468107.0,434872.0,439692.0,0
10933771,1,DEVONIAN|SILURIAN|MONTOYA|ELLENBURGER|FUSSELMAN|SIMPSON,17600,-104.0201241,31.9886215,0,0,0,0,0,0,0,0,0,0,0,0,0,0,0,0,0,0,0,0,0,0,0,0,0,0,0,821172.0,817731.0,770969.0,740837.0,652834.0,667665.0,574248.0,681040.0,774027.0,331191.0,384418.0,357914.0,407692.0,406013.0,121965.0,132927.0,0,0,0,0,0,0
10933517,1,DEVONIAN|SILURIAN|MONTOYA|ELLENBURGER|FUSSELMAN|SIMPSON,17600,-104.0201241,31.9886215,0,0,0,0,0,0,0,0,0,0,0,0,0,0,0,0,0,0,0,0,0,0,0,0,0,0,0,0,256857.0,272936.0,278561.0,336134.0,348064.0,393440.0,223096.0,248140.0,375425.0,135061.0,150078.0,327390.0,357901.0,0.0,19985.0,0.0,0.0,7716.0,192167.0,435818.0,0
38936799,1,DEVONIAN|SILURIAN|MONTOYA|ELLENBURGER|FUSSELMAN|SIMPSON,17600,-104.0201241,31.9886215,0,0,0,0,0,0,0,0,0,0,0,0,0,0,0,0,0,0,0,0,0,0,0,0,0,0,0,0,664882.0,699194.0,684423.0,583003.0,767805.0,703110.0,543777.0,834859.0,735590.0,681050.0,759483.0,280539.0,204084.0,215538.0,186697.0,195841.0,29876.0,187471.0,127566.0,245244.0,66212.0
10933534,1,DEVONIAN|SILURIAN|MONTOYA|ELLENBURGER|FUSSELMAN|SIMPSON,17600,-104.0201241,31.9886215,0,0,0,0,0,0,0,0,0,0,0,0,0,0,0,0,0,0,0,0,0,0,0,0,0,0,0,0,166648.0,329863.0,338921.0,366682.0,291325.0,303299.0,164398.0,172161.0,46821.0,118886.0,151606.0,248347.0,273261.0,272846.0,251599.0,171630.0,146348.0,157678.0,154969.0,277311.0,0
38939739,1,DEVONIAN|SILURIAN|MONTOYA|ELLENBURGER|FUSSELMAN|SIMPSON,17600,-104.0201241,31.9886215,0,0,0,0,0,0,0,0,0,0,0,0,0,0,0,0,0,0,0,0,0,0,0,0,0,0,0,0,0,57934.93999999999,49729.77,137402.61000000002,398905.03,333333.63,370749.67000000004,442956.41000000003,394653.76,342222.0,459848.25,434635.0,425396.0,357160.0,0,430078.0,436522.0,423144.0,324044.0,272038.0,0
38900000,1,DEVONIAN|SILURIAN|MONTOYA|ELLENBURGER|FUSSELMAN|SIMPSON,17600,-104.0201241,31.9886215,0,0,0,0,0,0,0,0,0,0,0,0,0,0,0,0,0,0,0,0,0,0,0,0,0,0,0,0,0,0,0,0,0,818703.13,804183.9600000001,771196.3600000001,750653.0,701340.0,763606.0,750727.0,721688.0,837223.0,465513.0,805898.0,829133.0,992680.0,911155.0,985784.0,0
10933663,1,DEVONIAN|SILURIAN|MONTOYA|ELLENBURGER|FUSSELMAN|SIMPSON,17600,-104.0201241,31.9886215,0,0,0,0,0,0,0,0,0,0,0,0,0,0,0,0,0,0,0,0,0,0,0,0,0,0,0,0,0,0,0,0,0,11057.870945401999,375648.0999999999,375502.00000000006,561361.0,515290.0,175532.0,358898.0,584660.0,479678.0,496364.0,412789.0,488212.0,249854.0,492772.0,447843.0,0
10933662,1,DEVONIAN|SILURIAN|MONTOYA|ELLENBURGER|FUSSELMAN|SIMPSON,17600,-104.0201241,31.9886215,0,0,0,0,0,0,0,0,0,0,0,0,0,0,0,0,0,0,0,0,0,0,0,0,0,0,0,0,0,0,0,0,0,32562.29863625001,355949.6,392780.8,498932.0,464019.0,398636.0,500707.0,602074.0,580108.0,594307.0,357993.0,232919.0,490868.0,402102.0,509836.0,0
38933709,1,DEVONIAN|SILURIAN|MONTOYA|ELLENBURGER|FUSSELMAN|SIMPSON,17600,-104.0201241,31.9886215,0,0,0,0,0,0,0,0,0,0,0,0,0,0,0,0,0,0,0,0,0,0,0,0,0,0,0,0,0,0,0,0,0,0,0,83871.0,180744.0,197720.0,285953.0,192515.0,93781.0,25498.0,105773.43000000001,179777.12999999995,47453.33,71100.94,31463.12,2057.79,0
30132092,1,DEVONIAN|SILURIAN|MONTOYA|ELLENBURGER|FUSSELMAN|SIMPSON,17600,-104.0201241,31.9886215,0,0,0,0,0,0,0,0,0,0,0,0,0,0,0,0,0,0,0,0,0,0,0,0,0,0,0,0,0,0,0,0,0,0,0,0,0,56570.0,67108.0,59452.0,309938.0,67248.0,47713.0,67963.0,60539.0,57874.0,45751.0,58005.0,0
30131671,1,DEVONIAN|SILURIAN|MONTOYA|ELLENBURGER|FUSSELMAN|SIMPSON,17600,-104.0201241,31.9886215,0,0,0,0,0,0,0,0,0,0,0,0,0,0,0,0,0,0,0,0,0,0,0,0,0,0,0,0,0,0,0,0,0,0,0,0,0,0.0,0.0,0.0,0.0,0.0,0.0,0.0,0.0,0.0,0.0,0.0,0
10932658,1,DEVONIAN|SILURIAN|MONTOYA|ELLENBURGER|FUSSELMAN|SIMPSON,17600,-104.0201241,31.9886215,0,0,0,0,0,0,0,0,0,0,0,0,0,0,0,0,0,0,0,0,0,0,0,0,0,0,0,0,0,0,0,0,0,0,0,0,0,0,0,34325.0,144504.0,142757.0,43151.0,10.0,32925.0,0.0,0.0,0.0,0
10933821,1,DEVONIAN|SILURIAN|MONTOYA|ELLENBURGER|FUSSELMAN|SIMPSON,17600,-104.0201241,31.9886215,0,0,0,0,0,0,0,0,0,0,0,0,0,0,0,0,0,0,0,0,0,0,0,0,0,0,0,0,0,0,0,0,0,0,0,0,0,0,0,0,175658.0,265071.0,342099.0,322253.0,44265.0,229230.0,156929.0,240151.0,0
10933847,1,DEVONIAN|SILURIAN|MONTOYA|ELLENBURGER|FUSSELMAN|SIMPSON,17600,-104.0201241,31.9886215,0,0,0,0,0,0,0,0,0,0,0,0,0,0,0,0,0,0,0,0,0,0,0,0,0,0,0,0,0,0,0,0,0,0,0,0,0,0,0,0,0,0.0,0.0,264808.0,310698.0,65476.0,289448.0,337395.0,0
38935373,1,DEVONIAN|SILURIAN|MONTOYA|ELLENBURGER|FUSSELMAN|SIMPSON,17600,-104.0201241,31.9886215,0,0,0,0,0,0,0,0,0,0,0,0,0,0,0,0,0,0,0,0,0,0,0,0,0,0,0,0,0,0,0,0,0,0,0,0,0,0,0,0,0,0.0,0.0,292316.0,780098.0,555519.0,520824.0,607013.0,0
10933860,1,DEVONIAN|SILURIAN|MONTOYA|ELLENBURGER|FUSSELMAN|SIMPSON,17600,-104.0201241,31.9886215,0,0,0,0,0,0,0,0,0,0,0,0,0,0,0,0,0,0,0,0,0,0,0,0,0,0,0,0,0,0,0,0,0,0,0,0,0,0,0,0,0,0,132593.0,169765.0,68311.0,7146.0,201.0,13601.0,0
10933500,1,DEVONIAN|SILURIAN|MONTOYA|ELLENBURGER|FUSSELMAN|SIMPSON,17600,-104.0201241,31.9886215,0,0,0,0,0,0,0,0,0,0,0,0,0,0,0,0,0,0,0,0,0,0,0,0,0,0,0,0,0,0,0,0,0,0,0,0,0,0,0,0,0,0,0.0,0.0,0.0,0.0,0.0,0.0,0
10933844,1,DEVONIAN|SILURIAN|MONTOYA|ELLENBURGER|FUSSELMAN|SIMPSON,17600,-104.0201241,31.9886215,0,0,0,0,0,0,0,0,0,0,0,0,0,0,0,0,0,0,0,0,0,0,0,0,0,0,0,0,0,0,0,0,0,0,0,0,0,0,0,0,0,0,0,0,0,0,0.0,0.0,0
